num,date,color1,difficulty1,connection1,word11,word12,word13,word14,color2,difficulty2,connection2,word21,word22,word23,word24,color3,difficulty3,connection3,word31,word32,word33,word34,color4,difficulty4,connection4,word41,word42,word43,word44
294,2024 Mar 31,YELLOW,1,TAKE A TUMBLE,FALL,SLIP,SPILL,TRIP,GREEN,2,KINDS OF WATER,MINERAL,SPRING,STILL,TAP,BLUE,3,THINGS THAT ARE CINCHED IN THE MIDDLE,CORSET,DIABOLO,HOURGLASS,WASP,PURPLE,4,___ BEAR,BOO-BOO,BROWN,HONEY,TEDDY
293,2024 Mar 30,YELLOW,1,BREATHES HEAVILY,GASPS,HUFFS,PANTS,PUFFS,GREEN,2,PRESERVES- AS MEAT,CANS,CURES,SALTS,SMOKES,BLUE,3,PREDICAMENTS,BINDS,JAMS,PICKLES,SPOTS,PURPLE,4,THINGS IN "MY FAVORITE THINGS",KETTLES,MITTENS,RAINDROPS,WHISKERS
292,2024 Mar 29,YELLOW,1,ESPECIALLY,MIGHTY,PRETTY,REALLY,VERY,GREEN,2,DISNEY CHARACTERS,DAISY,GOOFY,HAPPY,LADY,BLUE,3,KINDS OF BLUE,BABY,NAVY,SKY,TIFFANY,PURPLE,4,BODY PARTS PLUS "Y",ARMY,COLONY,LIVERY,SHINY
291,2024 Mar 28,YELLOW,1,EXITED,DEPARTED,LEFT,SPLIT,WENT,GREEN,2,ONE FLYING AN AIRPLANE,ACE,AVIATOR,FLIER,PILOT,BLUE,3,KINDS OF WHALES,BLUE,FIN,GRAY,RIGHT,PURPLE,4,THINGS WITH SLOTS,ATM,CASINO,SCHEDULE,SPATULA
290,2024 Mar 27,YELLOW,1,UPDATE FOR ACCURACY,AMEND,CORRECT,FIX,REVISE,GREEN,2,QUARREL,FIGHT,ROW,SCRAP,TIFF,BLUE,3,GAMES OF CHANCE,BINGO,LOTTERY,ROULETTE,WAR,PURPLE,4,___ CHIP,BLUE,COMPUTER,POKER,POTATO
289,2024 Mar 26,YELLOW,1,MUSICAL INSTRUMENTS,BASS,BASSOON,HARP,RECORDER,GREEN,2,PLANT GROWTHS,BLOOM,BUD,SHOOT,SPROUT,BLUE,3,BRING UP,FOSTER,NURSE,RAISE,REAR,PURPLE,4,SOLAR EMANATIONS,CORONA,FLARE,LIGHT,RADIATION
288,2024 Mar 25,YELLOW,1,HOW FAST SOMETHING IS GOING,CLIP,PACE,RATE,SPEED,GREEN,2,"STEP ON IT!",FASTER,GO,HURRY,MOVE,BLUE,3,N.B.A. TEAM PLAYER,CLIPPER,PACER,ROCKET,SPUR,PURPLE,4,TELE___,COMMUTE,MEDICINE,PROMPTER,VISION
287,2024 Mar 24,YELLOW,1,YELLOW-BROWN SHADES,BEIGE,CAMEL,KHAKI,TAN,GREEN,2,FAIL TO ATTEND,CUT,DITCH,MISS,SKIP,BLUE,3,DECISIVE VICTORY,BLOWOUT,ROMP,ROUT,SWEEP,PURPLE,4,___ WHEEL,CHEESE,COLOR,HAMSTER,PRAYER
286,2024 Mar 23,YELLOW,1,KUDOS,CREDIT,GLORY,PRAISE,PROPS,GREEN,2,BECOME AWARE OF,DISCOVER,FIND,LEARN,REALIZE,BLUE,3,PURSUE,CHASE,TAIL,TRACK,SHADOW,PURPLE,4,SEEN IN A PASSPORT,NAME,PHOTO,STAMP,VISA
285,2024 Mar 22,YELLOW,1,JUMPING ANIMALS,CRICKET,FROG,HARE,KANGAROO,GREEN,2,APPLY PRESSURE TO,CRUSH,MASH,PRESS,SQUASH,BLUE,3,OLYMPIC SPORTS,BREAKING,HOCKEY,SKELETON,TRAMPOLINE,PURPLE,4,THINGS YOU CAN SET,MOOD,RECORD,TABLE,VOLLEYBALL
284,2024 Mar 21,YELLOW,1,CHAT- INFORMALLY,GAB,JAW,YAK,YAP,GREEN,2,FEMALE ANIMALS,COW,DOE,EWE,HEN,BLUE,3,PALINDROMES,BIB,EYE,GAG,POP,PURPLE,4,STARTS OF PLANET NAMES,EAR,MAR,MER,SAT
283,2024 Mar 20,YELLOW,1,SEEN AT A SPORTS STADIUM,ASTROTURF,JUMBOTRON,SCOREBOARD,SKYBOX,GREEN,2,CAMERA BRANDS,FUJIFILM,HASSELBLAD,OLYMPUS,POLAROID,BLUE,3,ITALIAN DEMONYMS,BOLOGNESE,NEAPOLITAN,PARMESAN,VENETIAN,PURPLE,4,STARTING WITH ROCK BANDS,CREAMSICLE,JOURNEYMAN,KISSCAM,RUSHMORE
282,2024 Mar 19,YELLOW,1,MOVIE SUMMARY INFO,CAST,GENRE,PLOT,TITLE,GREEN,2,PRETENSE,AFFECT,AIRS,CHARADE,FRONT,BLUE,3,FAMOUS GUITARISTS,BERRY,KING,PAGE,WATERS,PURPLE,4,SECOND ___,FIDDLE,GUESS,NATURE,WIND
281,2024 Mar 18,YELLOW,1,SEGMENT OF A PROCESS,CYCLE,PHASE,ROUND,STAGE,GREEN,2,CONSTELLATIONS,CYGNUS,GEMINI,ORION,PEGASUS,BLUE,3,SPIRALS IN NATURE,CYCLONE,GALAXY,SNAIL,SUNFLOWER,PURPLE,4,ASSOCIATED WITH "ONE",CYCLOPS,MONOLOGUE,SOLITAIRE,UNICYCLE
280,2024 Mar 17,YELLOW,1,FOOLISHNESS,ABSURDITY,FOLLY,MADNESS,NONSENSE,GREEN,2,MOVE FORWARD,ADVANCE,MARCH,PROGRESS,PUSH,BLUE,3,THINGS THAT MIGHT STINK,CHEESE,FEET,GARBAGE,SKUNK,PURPLE,4,WORDS AFTER "DEEP",CUT,FAKE,FREEZE,SIX
279,2024 Mar 16,YELLOW,1,GET SMALLER,CONTRACT,LESSEN,REDUCE,SHRINK,GREEN,2,AIRLINE CLASSES,BUSINESS,COACH,FIRST,PREMIUM,BLUE,3,EXAMINE- AS AN APPLICANT,CHECK,REVIEW,SCREEN,VET,PURPLE,4,NOTABLE TV EPISODES,FINALE,PILOT,PREMIERE,SPECIAL
278,2024 Mar 15,YELLOW,1,CRITICIZE,BLAST,KNOCK,SLAM,TRASH,GREEN,2,"MY MISTAKE!",APOLOGIES,OOPS,PARDON,SORRY,BLUE,3,ALIBI,DEFENSE,EXCUSE,OUT,REASON,PURPLE,4,PLAY ___,DATE,DEAD,DIRTY,DOH
277,2024 Mar 14,YELLOW,1,BOX OFFICE VICTORY,HIT,SMASH,SUCCESS,WINNER,GREEN,2,VOLLEYBALL MOVES,BUMP,SERVE,SET,SPIKE,BLUE,3,HOMOPHONES OF GREEK LETTERS,MOO,NEW,PIE,ROW,PURPLE,4,___-O,DADDY,DAY,JACKIE,JELL
276,2024 Mar 13,YELLOW,1,HALLOWEEN PURCHASES,CANDY,COSTUME,DECORATIONS,PUMPKIN,GREEN,2,PLANTS WITH SIMILAR FLAVORS,ANISE,FENNEL,LICORICE,TARRAGON,BLUE,3,FOOD SLANG FOR HEAD,BEAN,MELON,NOODLE,NUT,PURPLE,4,GEMSTONE CUTS,BAGUETTE,EMERALD,PRINCESS,RADIANT
275,2024 Mar 12,YELLOW,1,SECTION,CLASS,DIVISION,RANK,TIER,GREEN,2,INCLUDING,AND,ALSO,PLUS,WITH,BLUE,3,DOG BREEDS- INFORMALLY,BOSTON,GOLDEN,LAB,PIT,PURPLE,4,FAMOUS POEMS,DADDY,HARLEM,HOWL,IF
274,2024 Mar 11,YELLOW,1,TREAT WITH EXCESSIVE CARE,BABY,MOTHER,PAMPER,SPOIL,GREEN,2,BACKSIDE,BOOTY,BUM,CAN,REAR,BLUE,3,THINGS IN A SPA LOCKER ROOM,ROBE,SLIPPERS,TOWEL,WASHCLOTH,PURPLE,4,CAT'S ___,CRADLE,EYE,MEOW,PAJAMAS
273,2024 Mar 10,YELLOW,1,THINGS A DOG CAN FETCH,BALL,BONE,FRISBEE,STICK,GREEN,2,CONCEAL,BLOCK,COVER,HIDE,OBSCURE,BLUE,3,MAC KEYBOARD KEYS,COMMAND,CONTROL,OPTION,SHIFT,PURPLE,4,EXPERIENCE A MEMORY LAPSE,BLANK,FLAKE,FORGET,SPACE
272,2024 Mar 9,YELLOW,1,EAT VORACIOUSLY,DOWN,INHALE,SCARF,WOLF,GREEN,2,AREAS OF ACADEMIC FOCUS,CONCENTRATION,DEGREE,MAJOR,MINOR,BLUE,3,UNIVERSAL,BLANKET,BROAD,GENERAL,SWEEPING,PURPLE,4,SPACE ___,BAR,CADET,HEATER,STATION
271,2024 Mar 8,YELLOW,1,THINGS TO SEW,DART,HEM,PLEAT,SEAM,GREEN,2,WAYS TO PRESERVE FOOD,CAN,CURE,DRY,FREEZE,BLUE,3,SHARP QUALITY,BITE,EDGE,PUNCH,SPICE,PURPLE,4,BIRDS MINUS LAST LETTER,CONDO,HAW,HERO,LOO
270,2024 Mar 7,YELLOW,1,SHARED,COLLECTIVE,COMMON,JOINT,MUTUAL,GREEN,2,RID OF CONTENTS,CLEAR,DRAIN,EMPTY,FLUSH,BLUE,3,ASSOCIATED WITH "STUB",CIGARETTE,PENCIL,TICKET,TOE,PURPLE,4,___ DREAM,AMERICAN,FEVER,LUCID,PIPE
269,2024 Mar 6,YELLOW,1,PARTS OF AN AIRPORT,HANGAR,RUNWAY,TARMAC,TERMINAL,GREEN,2,LEGAL TERMS,ACTION,CLAIM,COMPLAINT,LAWSUIT,BLUE,3,THINGS A JUGGLER JUGGLES,BEANBAG,CLUB,RING,TORCH,PURPLE,4,WORDS ENDING IN CLOTHING,FOXGLOVE,GUMSHOE,TURNCOAT,WINDSOCK
268,2024 Mar 5,YELLOW,1,POP MEGASTARS,GRANDE,MARS,STYLES,SWIFT,GREEN,2,METHOD,CHANNEL,MEANS,MEDIUM,VEHICLE,BLUE,3,UNLIKELY- AS CHANCES,OUTSIDE,REMOTE,SLIM,SMALL,PURPLE,4,LIVING ___,LARGE,LEGEND,PROOF,ROOM
267,2024 Mar 4,YELLOW,1,ROOMS IN THE GAME CLUE,HALL,LIBRARY,LOUNGE,STUDY,GREEN,2,COLLEAGUE,ASSOCIATE,FELLOW,PARTNER,PEER,BLUE,3,SEEN DURING EASTER,BUNNY,EGG,JELLY BEAN,PEEP,PURPLE,4,WHAT A MOLE CAN BE,ANIMAL,BIRTHMARK,SPY,UNIT
266,2024 Mar 3,YELLOW,1,LARGE AMOUNT,MASS,SEA,SLEW,TON,GREEN,2,FALL IN UNDER PRESSURE,BUCKLE,CAVE,COLLAPSE,GIVE,BLUE,3,WAYS TO GET ATTENTION,SHOUT,SNAP,WAVE,WHISTLE,PURPLE,4,BELLY ___,BUTTON,DANCE,FLOP,LAUGH
265,2024 Mar 2,YELLOW,1,INTELLIGENCE OPERATIVE,AGENT,ASSET,MOLE,SLEEPER,GREEN,2,UNITS IN POETRY,FOOT,LINE,METER,VERSE,BLUE,3,EXPRESS INDIRECTLY,COUCH,IMPLY,INTIMATE,SUGGEST,PURPLE,4,WHAT "K" MIGHT MEAN,KELVIN,OKAY,POTASSIUM,THOUSAND
264,2024 Mar 1,YELLOW,1,GARLIC BREAD INGREDIENTS,BREAD,BUTTER,GARLIC,PARSLEY,GREEN,2,WAGER,BET,GAMBLE,RISK,STAKE,BLUE,3,DISNEYLAND LANDS,ADVENTURE,FANTASY,FRONTIER,TOMORROW,PURPLE,4,___ BAT,BASEBALL,CRICKET,FRUIT,VAMPIRE
263,2024 Feb 29,YELLOW,1,PROPEL INTO THE AIR,HOP,JUMP,LEAP,SPRING,GREEN,2,PLACE TO STORE VALUABLES,CHEST,COFFER,SAFE,VAULT,BLUE,3,PERIOD,AGE,DAY,ERA,TIME,PURPLE,4,ANIMALS BACKWARD,DRIB,FLOW,REED,TANG
262,2024 Feb 28,YELLOW,1,CHEESES- FAMILIARLY,AMERICAN,BLUE,JACK,SWISS,GREEN,2,TRACK AND FIELD EQUIPMENT,HAMMER,HURDLE,JAVELIN,POLE,BLUE,3,KINDS OF HEELS,CUBAN,KITTEN,STILETTO,WEDGE,PURPLE,4,DOUBLE ___,DATE,DUTCH,JEOPARDY,SPACE
261,2024 Feb 27,YELLOW,1,80S FASHION TRENDS,HEADBAND,MULLET,NEON,SPANDEX,GREEN,2,GYMNASTICS POSITIONS,PIKE,SPLIT,STRADDLE,TUCK,BLUE,3,KINDS OF CRACKERS,ANIMAL,GOLDFISH,OYSTER,RITZ,PURPLE,4,___ LADDER,CORPORATE,ROPE,SALMON,WORD
260,2024 Feb 26,YELLOW,1,BASIC TASTES,BITTER,SALTY,SOUR,SWEET,GREEN,2,STAND UP TO- AS A CHALLENGE,BRAVE,CONFRONT,FACE,MEET,BLUE,3,ILK,KIND,SORT,TYPE,VARIETY,PURPLE,4,ART MOVEMENTS- WITH -ISM,EXPRESSION,MANNER,ROMANTIC,SURREAL
259,2024 Feb 25,YELLOW,1,WALK HEAVILY,LUMBER,PLOD,STOMP,TRUDGE,GREEN,2,FLEXIBLE,ELASTIC,LIMBER,PLASTIC,SUPPLE,BLUE,3,FENCING EQUIPMENT,FOIL,GLOVE,JACKET,MASK,PURPLE,4,WORDS BEGINNING WITH INSTRUMENTS,BASSINET,CELLOPHANE,HARPOON,ORGANISM
258,2024 Feb 24,YELLOW,1,MANUFACTURING LOCATIONS,FACTORY,MILL,PLANT,SHOP,GREEN,2,WIN + LETTER,WIND,WINE,WING,WINK,BLUE,3,PARTS OF FRUIT YOU MIGHT NOT EAT,CORE,RIND,SEED,STEM,PURPLE,4,WEIGHTS IN BOXING,FEATHER,HEAVY,LIGHT,MIDDLE
257,2024 Feb 23,YELLOW,1,PROCESSION,CARAVAN,FLEET,PARADE,TRAIN,GREEN,2,SHADES OF GREEN,OLIVE,FOREST,LIME,MINT,BLUE,3,WHAT "BLUE" MIGHT MEAN,DEMOCRATIC,EROTIC,NOBLE,SAD,PURPLE,4,THINGS WITH SPINES,BOOK,CACTUS,HEDGEHOG,SKELETON
256,2024 Feb 22,YELLOW,1,DOG SOUNDS,BARK,GROWL,HOWL,WHINE,GREEN,2,DEPARTMENT,ARM,BRANCH,CHAPTER,WING,BLUE,3,ORIGIN,CRADLE,FONT,ROOT,SOURCE,PURPLE,4,COLORS WITH THEIR FIRST LETTERS CHANGED,CLUE,FROWN,MELLOW,PREEN
255,2024 Feb 21,YELLOW,1,PESTERS,BADGERS,BUGS,HOUNDS,NAGS,GREEN,2,TONY WINNERS FOR BEST MUSICAL,ANNIE,CABARET,CATS,COMPANY,BLUE,3,THEY HAVE KEYS,COMPUTER,PIANO,SUPER,TESTS,PURPLE,4,SCHOOL OF ___,FISH,HARD KNOCKS,ROCK,THOUGHT
254,2024 Feb 20,YELLOW,1,PARTY POOPER,BORE,DRAG,DRIP,DUD,GREEN,2,MUSICAL SECTIONS,BRASS,RHYTHM,STRING,WIND,BLUE,3,BIT OF LIQUID,BEAD,DROP,GLOB,TEAR,PURPLE,4,VEGETABLE HOMOPHONES,BEAT,CHARRED,LEAK,PEE
253,2024 Feb 19,YELLOW,1,USED IN BUILDING A FIRE,KINDLING,LOG,MATCH,TINDER,GREEN,2,MESS UP,BLOW,BUMBLE,FLUFF,SPOIL,BLUE,3,WORKSHOP TOOLS,DRILL,GRINDER,ROUTER,SAW,PURPLE,4,PARTS OF A DOOR,FRAME,HANDLE,HINGE,LOCK
252,2024 Feb 18,YELLOW,1,EAT A LITTLE,GRAZE,NIBBLE,PECK,SNACK,GREEN,2,PURSUE,HUNT,TRACK,TRAIL,STALK,BLUE,3,INGREDIENTS IN MINESTRONE,BEANS,PASTA,STOCK,VEGETABLES,PURPLE,4,___CAST,BROAD,FORE,POD,TYPE
251,2024 Feb 17,YELLOW,1,BIT OF HAIR,CURL,LOCK,RINGLET,TRESS,GREEN,2,MEDIA ATTENTION,COVERAGE,EXPOSURE,PRESS,PUBLICITY,BLUE,3,NOUN SUFFIXES,DOM,ION,NESS,SHIP,PURPLE,4,___ CIRCUS,FAMILY,FLEA,FLYING,MEDIA
250,2024 Feb 16,YELLOW,1,COMFY SHOES,CROC,LOAFER,MOCCASIN,SLIPPER,GREEN,2,THINGS MADE WITH FEATHERS,BOA,HEADDRESS,PILLOW,SHUTTLECOCK,BLUE,3,PROGRAMMING LANGUAGES,BASIC,JAVA,PYTHON,RUBY,PURPLE,4,THINGS THAT CAN STRIKE,COBRA,INSPIRATION,LIGHTNING,UNION
249,2024 Feb 15,YELLOW,1,FOLLOW ATTENTIVELY,MONITOR,SURVEY,TRACK,WATCH,GREEN,2,WHERE YOU MIGHT FIND SAND,BEACH,DESERT,HOURGLASS,PLAYGROUND,BLUE,3,OVEN BUTTONS,BAKE,BROIL,LIGHT,TIMER,PURPLE,4,BRITPOP BANDS,BLUR,OASIS,PULP,SUEDE
248,2024 Feb 14,YELLOW,1,TOUCH LIGHTLY,BRUSH,GRAZE,KISS,SKIM,GREEN,2,KINDS OF NUMBERS,ODD,PERFECT,PRIME,WHOLE,BLUE,3,SAUCES IN CHINESE CUISINE,OYSTER,PLUM,SOY,XO,PURPLE,4,BEAR ___,CLAW,FRUIT,HUG,WITNESS
247,2024 Feb 13,YELLOW,1,ENCOURAGE- WITH "ON",EGG,GOAD,SPUR,URGE,GREEN,2,SPHERICAL FOODS,JAWBREAKER,MEATBALL,MOZZARELLA,ORANGE,BLUE,3,GROCERY STORE AISLES,DAIRY,FROZEN,PRODUCE,SNACK,PURPLE,4,GO ___,BANANAS,FIGURE,FISH,STEADY
246,2024 Feb 12,YELLOW,1,BAD THINGS FOR A VIDEO CALL TO DO,DROP,ECHO,FREEZE,LAG,GREEN,2,COSTUMES WITH STRIPED SHIRTS,MIME,PRISONER,REFEREE,SAILOR,BLUE,3,SEEN IN "ALADDIN",GENIE,MONKEY,PARROT,PRINCESS,PURPLE,4,MOVIES MINUS NUMBERS,APOLLO,CANDLES,FANTASTIC,SAMURAI
245,2024 Feb 11,YELLOW,1,MONOTONOUS SOUNDS,BUZZ,DRONE,HUM,PURR,GREEN,2,BOATS,BARGE,DORY,SCOW,SLOOP,BLUE,3,CAPTAINS,AMERICA,HOOK,MORGAN,NEMO,PURPLE,4,PREFIXES WITH -CRACY,AUTO,BUREAU,DEMO,PLUTO
244,2024 Feb 10,YELLOW,1,STOOL PIGEON,CANARY,FINK,RAT,SNITCH,GREEN,2,CRAM INTO A TIGHT SPACE,JAM,PACK,SQUEEZE,STUFF,BLUE,3,YOGA POSES,CAT,COW,MOUNTAIN,TRIANGLE,PURPLE,4,___FLY,BUTTER,DRAGON,FIRE,HORSE
243,2024 Feb 9,YELLOW,1,MUSIC PLAYER BUTTONS,REWIND,SHUFFLE,SKIP,STOP,GREEN,2,BROADCAST,AIR,RUN,SCREEN,SHOW,BLUE,3,THINGS YOU CAN DRAW,BATH,CARD,CURTAIN,PICTURE,PURPLE,4,NUMBER ANAGRAMS,EON,ETHER,NET,TOW
242,2024 Feb 8,YELLOW,1,ARCHERY EQUIPMENT,ARROW,BOW,QUIVER,TARGET,GREEN,2,CARD GAMES,BRIDGE,GIN,SPIT,WAR,BLUE,3,WALLOP,BELT,CLOCK,DECK,SLUG,PURPLE,4,CLASSIC TATTOOS,ANCHOR,DRAGON,HEART,ROSE
241,2024 Feb 7,YELLOW,1,SEA CREATURES,CRAB,RAY,SPONGE,SQUID,GREEN,2,BASIC TWO-DIMENSIONAL SHAPES,CIRCLE,DIAMOND,SQUARE,TRIANGLE,BLUE,3,BOXING MANEUVERS,BOB,CROSS,HOOK,WEAVE,PURPLE,4,FANCY ___,FEAST,FREE,PANTS,THAT
240,2024 Feb 6,YELLOW,1,OSTENTATIOUS- AS AN OUTFIT,BRIGHT,FLASHY,GARISH,LOUD,GREEN,2,EUPHEMISMS FOR FLATULENCE,GAS,STINKER,TOOT,WIND,BLUE,3,KINDS OF BLOND,DIRTY,HONEY,PLATINUM,STRAWBERRY,PURPLE,4,WHAT "O" MIGHT MEAN,HUG,OF,OXYGEN,ZERO
239,2024 Feb 5,YELLOW,1,"GIVE ME A BREAK!",BROTHER,LORD,PLEASE,SHEESH,GREEN,2,ECCLESIASTICAL TITLES,BISHOP,CARDINAL,PASTOR,PRIOR,BLUE,3,ROCK & ROLL HALL OF FAME INDUCTEES,HEART,MADONNA,PRINCE,QUEEN,PURPLE,4,CITY HOMOPHONES,DELI,NIECE,ROAM,SOUL
238,2024 Feb 4,YELLOW,1,DRINKS WITH CAFFEINE,COCOA,COFFEE,MATE,TEA,GREEN,2,UNEXCITING,BORING,DULL,MUNDANE,VANILLA,BLUE,3,COMEDIAN'S PERFORMANCE,ACT,BIT,ROUTINE,SET,PURPLE,4,MARTINI SPECIFICATIONS,DIRTY,DRY,TWIST,UP
237,2024 Feb 3,YELLOW,1,COMMERCIAL ORGANIZATION,AGENCY,COMPANY,ENTERPRISE,FIRM,GREEN,2,FARM FIXTURES,COOP,PEN,STABLE,STY,BLUE,3,CLASSIC DOG NAMES,FLUFFY,REX,ROVER,SPOT,PURPLE,4,COLORS MINUS THEIR FIRST LETTERS,INK,LACK,OLD,RANGE
236,2024 Feb 2,YELLOW,1,TIME OFF,BREAK,HOLIDAY,LEAVE,RECESS,GREEN,2,FEATURES OF A BELT,BUCKLE,HOLE,LOOP,STRAP,BLUE,3,HOMOPHONES,HOLEY,HOLI,HOLY,WHOLLY,PURPLE,4,___WOOD,DOG,DRIFT,HOLLY,SANDAL
235,2024 Feb 1,YELLOW,1,MAKE SHORTER,CLIP,CUT,PARE,TRIM,GREEN,2,MUSCULAR,BUILT,JACKED,RIPPED,SWOLE,BLUE,3,ENTHUSIAST,BUFF,FAN,LOVER,NUT,PURPLE,4,WRINKLY THINGS,BRAIN,PRUNE,PUG,WALNUT
234,2024 Jan 31,YELLOW,1,MERRIMENT,CHEER,GLEE,FESTIVITY,MIRTH,GREEN,2,BOOKED FOR A WEDDING,BAND,CATERER,FLORIST,OFFICIANT,BLUE,3,RHYMES,CHOIR,FIRE,LIAR,FRYER,PURPLE,4,___ PIT,BARBECUE,ORCHESTRA,SNAKE,TAR
233,2024 Jan 30,YELLOW,1,HIT HARD,BANG,HAMMER,POUND,SLAM,GREEN,2,NEWSPAPER NAMES,CHRONICLE,HERALD,REGISTER,SUN,BLUE,3,CRESCENT-SHAPED THINGS,BANANA,CROISSANT,MOON,SICKLE,PURPLE,4,POWER-UPS IN SUPER MARIO WORLD,FEATHER,FLOWER,MUSHROOM,STAR
232,2024 Jan 29,YELLOW,1,DO SOME MARKETING FOR,PITCH,PLUG,PROMOTE,PUSH,GREEN,2,ROMANTIC TWOSOME,COUPLE,ITEM,PAIR,THING,BLUE,3,TENNIS SCORING TERMS,AD,ALL,DEUCE,LOVE,PURPLE,4,WORDS WITH "FRUIT",BREAD,DRAGON,JACK,PASSION
231,2024 Jan 28,YELLOW,1,HIGHEST POINT,CREST,PEAK,SUMMIT,VERTEX,GREEN,2,"CAN I GET YOUR ___?" (PHONE INFO REQUEST),CELL,CONTACT,DIGITS,NUMBER,BLUE,3,MODIFIERS MEANING "SMALL",BABY,MINI,POCKET,TOY,PURPLE,4,INSIDE A SCRABBLE BOX,BAG,BOARD,RACKS,TILES
230,2024 Jan 27,YELLOW,1,HURT,ACHE,BURN,SMART,STING,GREEN,2,LOOK AFTER,GUARD,MIND,TEND,WATCH,BLUE,3,SOUGHT AFTER IN "THE WIZARD OF OZ",BRAIN,COURAGE,HEART,HOME,PURPLE,4,SILENT "W",ANSWER,TWO,WRIST,WRONG
229,2024 Jan 26,YELLOW,1,BASEBALL EQUIPMENT,BALL,BASE,BAT,GLOVE,GREEN,2,HARD HIT,BLOW,LICK,SOCK,STRIKE,BLUE,3,ORIGINAL MONOPOLY TOKENS,BOOT,IRON,THIMBLE,TOP HAT,PURPLE,4,___ BUNNY,BAD,BUGS,DUST,HONEY
228,2024 Jan 25,YELLOW,1,OF-THE-MOMENT,BIG,HOT,IN,POPULAR,GREEN,2,PICTOGRAPH,CHARACTER,GLYPH,ICON,SYMBOL,BLUE,3,IMPOSE- AS A PENALTY,ASSESS,CHARGE,FINE,LEVY,PURPLE,4,WORDS BEGINNING WITH BODY PARTS,HANDSOME,HIPPO,LEGEND,LIPID
227,2024 Jan 24,YELLOW,1,SMARTPHONE FEATURES BEGINNING WITH "C",CALCULATOR,CALENDAR,CAMERA,CLOCK,GREEN,2,PARTS OF THE EYE,CONE,IRIS,LENS,PUPIL,BLUE,3,FAMILIAL NICKNAMES,DADA,GRAMMY,MUM,POPPY,PURPLE,4,WORDS PRONOUNCED DIFFERENTLY WITH ACCENT MARKS,EXPOSE,PATE,RESUME,ROSE
226,2024 Jan 23,YELLOW,1,BRING INTO BEING,COIN,CREATE,DEVISE,INVENT,GREEN,2,EXCELLENT,FINE,PRIME,QUALITY,STERLING,BLUE,3,SYMBOLS ABOVE NUMBERS ON A KEYBOARD,AT,DOLLAR,PERCENT,POUND,PURPLE,4,PASS THE ___,BAR,BUCK,TIME,TORCH
225,2024 Jan 22,YELLOW,1,SYMBOLIC RODS,BATON,SCEPTER,STAFF,WAND,GREEN,2,DENTAL TERMS,CAVITY,CROWN,FILLING,PLAQUE,BLUE,3,RUBBER STAMP WORDS,APPROVED,PAID,URGENT,VOID,PURPLE,4,___ YEAR,GAP,LEAP,LIGHT,SCHOOL
224,2024 Jan 21,YELLOW,1,RIP OFF,FLEECE,HOSE,ROB,STIFF,GREEN,2,THINGS MADE OF WAX,CANDLE,CRAYON,HONEYCOMB,SEAL,BLUE,3,PARTS OF AN AIRPLANE,CABIN,ENGINE,NOSE,WING,PURPLE,4,UNITS OF VEGETABLES,BULB,EAR,HEAD,STALK
223,2024 Jan 20,YELLOW,1,DECLINE,DIP,DROP,FALL,SINK,GREEN,2,MOVE WITH SPEED,BLAZE,FLY,RACE,TEAR,BLUE,3,KINDS OF DANCE,MODERN,SALSA,SWING,TAP,PURPLE,4,BABY ___,BOOM,CARROT,SHOWER,TALK
222,2024 Jan 19,YELLOW,1,SUNDAE TOPPINGS,CHERRY,FUDGE,NUTS,SPRINKLES,GREEN,2,LEAVE HIGH AND DRY,DESERT,DITCH,MAROON,STRAND,BLUE,3,"PHOOEY!",CURSES,DARN,RATS,SHOOT,PURPLE,4,WORDS IN TONGUE TWISTERS,FUZZY,PEPPERS,SEASHELLS,WOODCHUCK
221,2024 Jan 18,YELLOW,1,SHOW OFF,GRANDSTAND,PEACOCK,POSTURE,STRUT,GREEN,2,FOREMOST,MAIN,PARAMOUNT,PRIME,SUPREME,BLUE,3,COLORS IN BRAZIL'S FLAG,BLUE,GREEN,WHITE,YELLOW,PURPLE,4,___ LETTER,CHAIN,COVER,LOVE,SCARLET
220,2024 Jan 17,YELLOW,1,DATA SET DATA,MEAN,MEDIAN,MODE,RANGE,GREEN,2,CHEMISTRY TERMS,BASE,BOND,ELEMENT,SOLUTION,BLUE,3,ADJECTIVE INTENSIFIERS,AWFUL,PRETTY,RATHER,REAL,PURPLE,4,RADIO HALL OF FAME MEMBERS,GLASS,GROSS,KING,STERN
219,2024 Jan 16,YELLOW,1,DECEIVE,CON,DUPE,FOOL,TRICK,GREEN,2,INSIDE INFO,DOPE,SCOOP,SKINNY,WORD,BLUE,3,TILT TO ONE SIDE,CANT,LEAN,LIST,SLOPE,PURPLE,4,WORDS SPELLED WITH AN UPSIDE-DOWN CALCULATOR,BOOB,EGGSHELL,GIGGLE,HELLO
218,2024 Jan 15,YELLOW,1,LIST OF CANDIDATES,BALLOT,ROSTER,SLATE,TICKET,GREEN,2,PROTECTIVE BARRIER,BUFFER,CUSHION,PAD,SHIELD,BLUE,3,MEDICINE FORMATS,CAPSULE,CREAM,SYRUP,TABLET,PURPLE,4,PEA ___,COAT,GREEN,POD,SOUP
217,2024 Jan 14,YELLOW,1,THINGS TO PAY,BILL,CHECK,INVOICE,TAB,GREEN,2,THIEVE,PINCH,ROB,STEAL,SWIPE,BLUE,3,MALE ANIMALS,BUCK,BULL,JACK,TOM,PURPLE,4,LEGWEAR- IN THE SINGULAR,JEAN,PANT,SHORT,TIGHT
216,2024 Jan 13,YELLOW,1,CREDENTIALS FOR ENTRY,BADGE,INVITE,PASS,TICKET,GREEN,2,PRESIDE OVER,CHAIR,DIRECT,LEAD,RUN,BLUE,3,AMERICAN FOOTBALL POSITIONS,CENTER,END,SAFETY,TACKLE,PURPLE,4,POSTPONE,HOLD,PUNT,STALL,TABLE
215,2024 Jan 12,YELLOW,1,TOPIC OF DISCUSSION,ISSUE,MATTER,POINT,SUBJECT,GREEN,2,SECTION OF ONE'S LIFE,CHAPTER,PERIOD,PHASE,STAGE,BLUE,3,PARTS OF A CAR- INFORMALLY,DASH,SHOCK,TANK,WHEEL,PURPLE,4,COLOR HOMOPHONES,BLEW,CHORAL,READ,ROWS
214,2024 Jan 11,YELLOW,1,STATES OF MATTER,GAS,LIQUID,PLASMA,SOLID,GREEN,2,ALL-TIMER,GREAT,HERO,ICON,LEGEND,BLUE,3,"PH" WORDS THAT ALSO WORK WITH "F",PHAT,PHEW,PHILLY,PHISH,PURPLE,4,___ PITCH,ELEVATOR,FEVER,PERFECT,SALES
213,2024 Jan 10,YELLOW,1,BIT OF MAGIC,CHARM,CURSE,HEX,SPELL,GREEN,2,FOUND AROUND A FIREPLACE,FLUE,GRATE,LOG,POKER,BLUE,3,THINGS SEEN AT A CASINO,CARDS,CHIPS,DICE,SLOTS,PURPLE,4,WAYS TO PREPARE CHEESE,CRUMBLE,MELT,SHRED,SLICE
212,2024 Jan 9,YELLOW,1,CLEANING SUPPLIES,BROOM,MOP,RAG,SPONGE,GREEN,2,ELEMENTS OF COOKING- PER SAMIN NOSRAT,SALT,FAT,ACID,HEAT,BLUE,3,THINGS THAT MAKE YOU SNEEZE,DUST,PEPPER,POLLEN,SMOKE,PURPLE,4,TITULAR FICTIONAL DETECTIVES,MAGNUM,MONK,SHAFT,TRACY
211,2024 Jan 8,YELLOW,1,THINGS THAT ARE ORANGE,BASKETBALL,CARROT,GOLDFISH,PUMPKIN,GREEN,2,LONG- SKINNY OBJECTS,POLE,ROD,STAFF,STICK,BLUE,3,SEEN ON A GOLF COURSE,CART,CLUB,HOLE,TEE,PURPLE,4,SHAPES OF CAPITAL GREEK LETTERS,CIRCLE,HORSESHOE,PITCHFORK,TRIANGLE
210,2024 Jan 7,YELLOW,1,TECH COMPANIES,ALPHABET,AMAZON,APPLE,META,GREEN,2,KINDS OF EXAMS,BAR,FINAL,ORAL,PHYSICAL,BLUE,3,SOMETHING EXEMPLARY,BEAUTY,GEM,MARVEL,PEACH,PURPLE,4,___ TOOTH,BABY,EYE,SWEET,WISDOM
209,2024 Jan 6,YELLOW,1,STRONG SMELL,FUNK,MUSK,ODOR,TANG,GREEN,2,MOVE BACK AND FORTH,ROCK,SWAY,SWING,WAVE,BLUE,3,THINGS TO PICK,AFRO,BONE,FIGHT,LOCK,PURPLE,4,___ BALL,CRYSTAL,DISCO,FOUL,GUTTER
208,2024 Jan 5,YELLOW,1,PLAYFULLY BOTHER,JOSH,KID,RIB,TEASE,GREEN,2,APEX,HEIGHT,MAX,PEAK,TOP,BLUE,3,WORDS FOR SPECIFIC QUANTITIES,DOZEN,GROSS,PAIR,SCORE,PURPLE,4,WHAT "X" MIGHT MEAN,ADULT,KISS,TEN,TIMES
207,2024 Jan 4,YELLOW,1,GIFT-GIVING ACCESSORIES,BOW,BOX,CARD,WRAPPING,GREEN,2,DATING APP ACTIONS,BLOCK,MATCH,MESSAGE,SWIPE,BLUE,3,COOL- IN SLANG,FIRE,LIT,SICK,TIGHT,PURPLE,4,LUCKY ___,BREAK,CHARM,DUCK,STRIKE
206,2024 Jan 3,YELLOW,1,MOVE THROUGH THE AIR,FLOAT,FLY,GLIDE,SOAR,GREEN,2,HIDDEN LISTENING DEVICES,BUG,MIKE,TAP,WIRE,BLUE,3,SELECT- AS A BOX ON A FORM,CHECK,MARK,TICK,X,PURPLE,4,RAPPERS MINUS FIRST LETTER,40,COLE,PAIN,TIP
205,2024 Jan 2,YELLOW,1,B.L.T. INGREDIENTS,BREAD,BACON,LETTUCE,TOMATO,GREEN,2,OBSTRUCT,BLOCK,CLOG,JAM,STOP,BLUE,3,BASEBALL STATS,DOUBLE,HIT,RUN,WALK,PURPLE,4,SMALL ___,FRY,TALK,WONDER,WORLD
204,2024 Jan 1,YELLOW,1,GARDENING NOUNS/VERBS,PLANT,SEED,WATER,WEED,GREEN,2,KINDS OF SALADS,CAESAR,GREEK,GREEN,WEDGE,BLUE,3,CLASSIC GAME SHOWS- FAMILIARLY,FEUD,MILLIONAIRE,PYRAMID,WHEEL,PURPLE,4,W + VOWEL SOUND,WAY,WEE,WHY,WHOA
203,2023 Dec 31,YELLOW,1,ORGANIZATION,CLUB,GROUP,PARTY,TEAM,GREEN,2,SHARPNESS- AS OF AN IMAGE,CLARITY,DEFINITION,DETAIL,RESOLUTION,BLUE,3,PLACES IN FRANCE,CHAMPAGNE,DIJON,NICE,TOURS,PURPLE,4,HAPPY NEW YEAR!,BALL,COUNTDOWN,FIREWORKS,KISS
202,2023 Dec 30,YELLOW,1,BLACK-AND-WHITE ANIMALS,ORCA,PANDA,SKUNK,ZEBRA,GREEN,2,SEQUENCE,CHAIN,SERIES,STRING,TRAIN,BLUE,3,HETERONYMS,BASS,DOVE,DESERT,WIND,PURPLE,4,___ TRAP,BEAR,SAND,SPEED,TOURIST
201,2023 Dec 29,YELLOW,1,SHIRTS,CROP,POLO,TANK,TEE,GREEN,2,COOL- IN '80S SLANG,BAD,FLY,FRESH,RAD,BLUE,3,LETTER SPELLINGS,BEE,EX,GEE,JAY,PURPLE,4,___ GEORGE,BOY,BY,CURIOUS,SAINT
200,2023 Dec 28,YELLOW,1,PARTS OF A CAR,BUMPER,HOOD,TIRE,TRUNK,GREEN,2,MOVE QUICKLY,BOLT,DART,DASH,ZIP,BLUE,3,BIRDS,CARDINAL,JAY,LARK,SWIFT,PURPLE,4,JAZZ LEGENDS,HANCOCK,HOLIDAY,MONK,PARKER
199,2023 Dec 27,YELLOW,1,INDICATION OF THINGS TO COME,MESSAGE,OMEN,SIGN,WARNING,GREEN,2,NAME PREFIXES,GEN,MS,PROF,REV,BLUE,3,ART MEDIUMS,CHARCOAL,INK,PAINT,PASTEL,PURPLE,4,___ PEPPER,BELL,BLACK,DR,GHOST
198,2023 Dec 26,YELLOW,1,ROAD NAMES,ALLEY,DRIVE,LANE,STREET,GREEN,2,PAPER IN A BOOK,FOLIO,LEAF,PAGE,SHEET,BLUE,3,RESTRAIN,CHECK,CURB,LIMIT,STEM,PURPLE,4,THINGS YOU CAN DO TO YOUR NOSE,BLOW,HOLD,PICK,THUMB
197,2023 Dec 25,YELLOW,1,DARLING,BABY,BOO,DEAR,LOVE,GREEN,2,BASIC GEOMETRIC OBJECTS,LINE,POINT,RAY,SEGMENT,BLUE,3,OOMPH,ENERGY,FIRE,JUICE,ZIP,PURPLE,4,SECRET ___,AGENT,CODE,SANTA,SAUCE
196,2023 Dec 24,YELLOW,1,GENTLE,LIGHT,MELLOW,MILD,SOFT,GREEN,2,CUTS OF PORK,BELLY,CHOP,HOCK,SHOULDER,BLUE,3,STATUE OF LIBERTY FEATURES,CROWN,ROBE,TABLET,TORCH,PURPLE,4,THINGS TO BLOW ON FOR WISHES/LUCK,CANDLE,DANDELION,DICE,EYELASH
195,2023 Dec 23,YELLOW,1,MEANS OF TRANSPORTATION,BOAT,CAR,PLANE,TRAIN,GREEN,2,WILLING TO PARTICIPATE,DOWN,GAME,IN,ON BOARD,BLUE,3,LITTLE BIT- IN A RECIPE,DASH,DROP,PINCH,SPLASH,PURPLE,4,___BERRY [note no space],BLUE,GOOSE,RASP,STRAW
194,2023 Dec 22,YELLOW,1,CLASSIC HALLOWEEN COSTUMES,ANGEL,CLOWN,PIRATE,WITCH,GREEN,2,BEE CREATIONS,COMB,HIVE,HONEY,WAX,BLUE,3,INTERVAL OF TIME,PERIOD,SPELL,STRETCH,WHILE,PURPLE,4,ANIMAL HOMOPHONES,DEAR,HAIR,HOARSE,WAIL
193,2023 Dec 21,YELLOW,1,SEEN IN A LAUNDRY ROOM,DRYER,HAMPER,IRON,WASHER,GREEN,2,SHEPHERD,DIRECT,GUIDE,LEAD,STEER,BLUE,3,WHAT "I" MIGHT MEAN,IODINE,IOTA,MYSELF,ONE,PURPLE,4,___ VALLEY,DEATH,HIDDEN,SILICON,UNCANNY
192,2023 Dec 20,YELLOW,1,CONTACT VIA PHONE,BUZZ,CALL,DIAL,RING,GREEN,2,BOOK SECTIONS,APPENDIX,CHAPTER,INDEX,PREFACE,BLUE,3,WEE,DINKY,LITTLE,MINUTE,SLIGHT,PURPLE,4,CARTOON MICE,ITCHY,JERRY,PINKY,SPEEDY
191,2023 Dec 19,YELLOW,1,ACCESSORIES,BELT,BRACELET,TIE,WATCH,GREEN,2,COMEDIAN'S OUTPUT,BIT,JOKE,ROUTINE,SKETCH,BLUE,3,ATTRACTION,APPEAL,CHARM,DRAW,PULL,PURPLE,4,TWO LETTERS + NUMBER,CANINE,FREIGHT,OFTEN,STONE
190,2023 Dec 18,YELLOW,1,BRIEF MOMENT,FLASH,JIFFY,SECOND,WINK,GREEN,2,PRIMARY,CHIEF,FIRST,MAIN,PRINCIPAL,BLUE,3,AVENUES IN N.Y.C.,BROADWAY,FIFTH,MADISON,PARK,PURPLE,4,___ HOUR,AMATEUR,ELEVENTH,HAPPY,RUSH
189,2023 Dec 17,YELLOW,1,RESERVE FOR LATER,BANK,SAVE,STASH,STORE,GREEN,2,BOLDNESS- FIGURATIVELY,GALL,GUTS,NERVE,STONES,BLUE,3,USED TO BUILD A SNOWMAN,CARROT,COAL,SNOW,STICKS,PURPLE,4,FUNNY ___,BONE,BUSINESS,GIRL,PAGES
188,2023 Dec 16,YELLOW,1,FARM TOOLS,HOE,PLOW,RAKE,SICKLE,GREEN,2,SCHEME,PLOT,PLOY,RUSE,TRICK,BLUE,3,MAKE HAPPY,AMUSE,DELIGHT,PLEASE,TICKLE,PURPLE,4,ONOMATOPOEIA,BANG,PLOP,SPLASH,THUD
187,2023 Dec 15,YELLOW,1,CURMUDGEON,CRAB,CRANK,GROUCH,GRUMP,GREEN,2,GET LOW,CROUCH,DUCK,SQUAT,STOOP,BLUE,3,NATIONAL SYMBOLS,ANTHEM,FLAG,MOTTO,SEAL,PURPLE,4,SWINDLER,CHEAT,CROOK,QUACK,SHARK
186,2023 Dec 14,YELLOW,1,PESTER,BADGER,BUG,HOUND,NAG,GREEN,2,SPORTS VENUES,ARENA,BOWL,DOME,FIELD,BLUE,3,SEPARATE,DIVIDE,FORK,PART,SPLIT,PURPLE,4,SILVER ___,FOX,LINING,SCREEN,SPOON
185,2023 Dec 13,YELLOW,1,GOLF COURSE PARTS,BUNKER,FAIRWAY,GREEN,ROUGH,GREEN,2,"I GIVE!",ENOUGH,MERCY,STOP,UNCLE,BLUE,3,INDECENT,BAWDY,BLUE,COARSE,RISQUE,PURPLE,4,"-OUGH" WORDS THAT DON'T RHYME,BOUGH,COUGH,DOUGH,TOUGH
184,2023 Dec 12,YELLOW,1,MURKY CONDITION,CLOUD,FOG,HAZE,MIST,GREEN,2,FOLLOW,SHADOW,TAIL,TRACK,TRAIL,BLUE,3,PINBALL MACHINE COMPONENTS,BALL,BUMPER,FLIPPER,PLUNGER,PURPLE,4,___LAND COUNTRIES,ICE,IRE,FIN,NETHER
183,2023 Dec 11,YELLOW,1,LUXURIOUS FABRICS,CHIFFON,SATIN,SILK,VELVET,GREEN,2,COME DOWN TO REST,PERCH,ROOST,SETTLE,LAND,BLUE,3,SHOE PARTS,EYELET,LACE,SOLE,TONGUE,PURPLE,4,THINGS THAT ARE DELIVERED,BABY,BLOW,PACKAGE,SPEECH
182,2023 Dec 10,YELLOW,1,PARTS OF A RIVER,BANK,BED,DELTA,MOUTH,GREEN,2,SOMETHING EASY TO DO,BREEZE,CINCH,PICNIC,SNAP,BLUE,3,WRAP AROUND IN A CIRCLE,COIL,SPIRAL,TWIST,WIND,PURPLE,4,JUMP INTO THE AIR,BOUND,LEAP,SPRING,VAULT
181,2023 Dec 9,YELLOW,1,ICE CREAM TREATS,FLOAT,SHAKE,SPLIT,SUNDAE,GREEN,2,HARDWARE FASTENERS,BOLT,NAIL,RIVET,SCREW,BLUE,3,KINDS OF COOKING OIL,CORN,OLIVE,PALM,PEANUT,PURPLE,4,STICKY ___,FINGERS,NOTE,RICE,WICKET
180,2023 Dec 8,YELLOW,1,DECLINE,EBB,FADE,FLAG,WANE,GREEN,2,ABSOLUTE,PURE,SHEER,TOTAL,UTTER,BLUE,3,EXPRESS,AIR,SPEAK,STATE,VOICE,PURPLE,4,SUPERHERO LAST NAMES,BANNER,PRINCE,STARK,WAYNE
179,2023 Dec 7,YELLOW,1,STATE ABBREVIATIONS,HI,LA,MA,OK,GREEN,2,CABLE CHANNELS,BET,E,HALLMARK,USA,BLUE,3,IN THE NATO ALPHABET,ALFA,BRAVO,ROMEO,TANGO,PURPLE,4,___-___,BOO,POM,TOM,YO
178,2023 Dec 6,YELLOW,1,FOUND ON SHEET MUSIC,CLEF,NOTE,REST,STAFF,GREEN,2,ZODIAC SYMBOLS,BULL,CRAB,SCALES,TWINS,BLUE,3,RECORD LABELS,CAPITOL,COLUMBIA,VIRGIN,ISLAND,PURPLE,4,ZODIAC SIGN BEGINNINGS,CAN,GEM,LIB,TAU
177,2023 Dec 5,YELLOW,1,ENORMOUS,BIG,GIANT,GREAT,HUGE,GREEN,2,BOOKSTORE SECTIONS,FICTION,HUMOR,POETRY,TRAVEL,BLUE,3,TV SHOWS WITH HAPPY-SOUNDING NAMES,CHEERS,EUPHORIA,FELICITY,GLEE,PURPLE,4,___ CRANE,CONSTRUCTION,FRASIER,PAPER,WHOOPING
176,2023 Dec 4,YELLOW,1,UNIT OF BREAD,BAGUETTE,BUN,LOAF,ROLL,GREEN,2,ASSURE- AS A WIN,CLINCH,GUARANTEE,LOCK,SECURE,BLUE,3,SMALL IMPERFECTION,CHIP,MARK,NICK,SCRATCH,PURPLE,4,HEAD OF ___,HAIR,LETTUCE,STATE,STEAM
175,2023 Dec 3,YELLOW,1,MONTHLY BILLS,CABLE,ELECTRIC,GAS,WATER,GREEN,2,RELATED TO SOUND/HEARING,ACOUSTIC,AUDITORY,HEARD,SONIC,BLUE,3,CONNECT,COUPLE,HITCH,LINK,TIE,PURPLE,4,EXCITE- WITH "UP",AMP,FIRE,HYPE,PUMP
174,2023 Dec 2,YELLOW,1,CONTAINERS,BASKET,BIN,CHEST,HAMPER,GREEN,2,CIRCULAR SHAPES,BAND,CIRCLE,HOOP,RING,BLUE,3,RESTRICT,CAP,CHECK,CURB,LIMIT,PURPLE,4,___ JAM,NBA,PAPER,PEARL,TRAFFIC
173,2023 Dec 1,YELLOW,1,PLACES TO SHOP,MALL,MARKET,OUTLET,STORE,GREEN,2,WAYS TO REMOVE HAIR,SHAVE,THREAD,TWEEZE,WAX,BLUE,3,PORTION OF PROFIT,CUT,PIECE,SHARE,TAKE,PURPLE,4,KINDS OF WRENCHES,ALLEN,CRESCENT,MONKEY,SOCKET
172,2023 Nov 30,YELLOW,1,AVOID,DODGE,DUCK,ESCAPE,SKIRT,GREEN,2,HITCHCOCK MOVIES,BIRDS,NOTORIOUS,REBECCA,ROPE,BLUE,3,SIDEKICKS,GOOSE,HOBBES,ROBIN,WATSON,PURPLE,4,___ CHEESE,COTTAGE,CREAM,SAY,STRING
171,2023 Nov 29,YELLOW,1,FOOT PARTS,ARCH,BALL,SOLE,TOE,GREEN,2,MUSICAL INSTRUMENTS,BASS,HARP,HORN,ORGAN,BLUE,3,DOG COMMANDS,COME,DOWN,SIT,STAY,PURPLE,4,BADDIE,DOG,HEEL,JERK,SNAKE
170,2023 Nov 28,YELLOW,1,ROOMS IN A HOUSE,BEDROOM,DEN,KITCHEN,STUDY,GREEN,2,LAND SURROUNDED BY WATER,ATOLL,BAR,ISLAND,KEY,BLUE,3,FILL TO EXCESS,CRAM,JAM,PACK,STUFF,PURPLE,4,BEAN ___,BAG,COUNTER,DIP,SPROUT
169,2023 Nov 27,YELLOW,1,CARRY A TUNE,HUM,SING,SCAT,WHISTLE,GREEN,2,WHOLE AMOUNT,COUNT,GROSS,SUM,TOTAL,BLUE,3,MOJITO INGREDIENTS,LIME,MINT,RUM,SODA,PURPLE,4,THINGS THAT ARE "STICKY",GLUE,GUM,TAPE,STICK
168,2023 Nov 26,YELLOW,1,MUNICIPALITIES,CITY,COUNTY,TOWN,VILLAGE,GREEN,2,BLENDER BUTTONS,CHOP,GRIND,PULSE,PUREE,BLUE,3,FINANCIAL TERMS,CAPITAL,EQUITY,INTEREST,STOCK,PURPLE,4,___ LEAGUE,IVY,JUSTICE,LITTLE,PREMIER
167,2023 Nov 25,YELLOW,1,SECLUDED,HIDDEN,PRIVATE,REMOTE,SECRET,GREEN,2,AGGREGATE SIZE,AMOUNT,NUMBER,QUANTITY,VOLUME,BLUE,3,BODIES OF WATER,CANAL,CHANNEL,SOUND,STRAIT,PURPLE,4,READS THE SAME ROTATED 180Â°,96,MOW,NOON,SIS
166,2023 Nov 24,YELLOW,1,CRITICIZE,KNOCK,PAN,ROAST,SLAM,GREEN,2,REALITY SHOWS,ALONE,CATFISH,CHOPPED,SURVIVOR,BLUE,3,CAR BRANDS,FIAT,JAGUAR,MINI,RAM,PURPLE,4,___ PAD,BACHELOR,LILY,MAXI,MOUSE
165,2023 Nov 23,YELLOW,1,FOODS WITH CRUSTS,PASTY,PIE,TART,TURNOVER,GREEN,2,ENDING IN A SILENT "T",BOUQUET,PARFAIT,RAGOUT,RAPPORT,BLUE,3,COUNTRIES WITH RED AND WHITE FLAGS,JAPAN,POLAND,TUNISIA,TURKEY,PURPLE,4,N.B.A. GREATS,BIRD,CURRY,JAMES,JORDAN
164,2023 Nov 22,YELLOW,1,AREAS BETWEEN MOUNTAINS AND HILLS,CANYON,GULCH,PASS,RAVINE,GREEN,2,EAT VORACIOUSLY,GORGE,GULP,SCARF,WOLF,BLUE,3,FEATURED IN "SNOW WHITE",APPLE,BASHFUL,MIRROR,QUEEN,PURPLE,4,"C" + BIRD,CHEN,CLARK,COWL,CRAVEN
163,2023 Nov 21,YELLOW,1,TYPES OF TEETH,CANINE,FANG,MOLAR,TUSK,GREEN,2,FASHIONABLE,CHIC,HIP,HOT,IN,BLUE,3,DANCE MOVES,FLOSS,ROBOT,VOGUE,WORM,PURPLE,4,THINGS THAT SUCK,LEECH,STRAW,VACUUM,VAMPIRE
162,2023 Nov 20,YELLOW,1,RELIGIOUS FIGURES,CARDINAL,LAMA,MONK,PASTOR,GREEN,2,PRIMATES,BABOON,BONOBO,GIBBON,GORILLA,BLUE,3,CHUTNEY VARIETIES,MANGO,MINT,TAMARIND,TOMATO,PURPLE,4,IMITATE,APE,MIME,MIRROR,PARROT
161,2023 Nov 19,YELLOW,1,ONSET,BIRTH,CREATION,DAWN,START,GREEN,2,VENERABLE,AUGUST,GRAND,NOBLE,REGAL,BLUE,3,WALK,MARCH,STEP,STRIDE,TREAD,PURPLE,4,___ DAY HOLIDAYS,EARTH,GROUNDHOG,LABOR,MAY
160,2023 Nov 18,YELLOW,1,QUICK PEEK,GANDER,GLANCE,GLIMPSE,LOOK,GREEN,2,DECEIT,ACT,BLUFF,CHARADE,FRONT,BLUE,3,PARTS OF A MOUNTAIN,CLIFF,CRAG,LEDGE,RIDGE,PURPLE,4,HOMOPHONES,PEAK,PEEK,PEKE,PIQUE
159,2023 Nov 17,YELLOW,1,BODYWEIGHT EXERCISES,DIPS,LUNGES,PLANKS,SQUATS,GREEN,2,EMAIL SIGN-OFFS,BEST,CHEERS,REGARDS,THANKS,BLUE,3,M.L.B. TEAMS- FOR SHORT,CARDS,JAYS,NATS,YANKS,PURPLE,4,ELIZABETHS (AND ONE ELISABETH),BANKS,MOSS,TAYLOR,WARREN
158,2023 Nov 16,YELLOW,1,BALDERDASH,BULL,HOGWASH,NONSENSE,ROT,GREEN,2,HELM,DIRECT,GUIDE,LEAD,STEER,BLUE,3,SINGLE/PLURAL ANIMALS,BUFFALO,DEER,FISH,MOOSE,PURPLE,4,GREAT ___,DANE,LAKE,SEAL,WHITE
157,2023 Nov 15,YELLOW,1,"GROSS!",EW,ICK,PU,UGH,GREEN,2,MAGAZINES,O,OK,US,W,BLUE,3,"YES" IN DIFFERENT LANGUAGES,HAI,JA,SI,DA,PURPLE,4,HOMOPHONES,OUI,WE,WEE,WII
156,2023 Nov 14,YELLOW,1,BASIC EMOTIONS,ANGER,FEAR,HAPPINESS,SURPRISE,GREEN,2,BIT OF VOCAL FANFARE,BEHOLD,PRESTO,TADA,VOILA,BLUE,3,OBTAIN,GET,LAND,SECURE,WIN,PURPLE,4,___ ANT,ADAM,CARPENTER,FIRE,RED
155,2023 Nov 13,YELLOW,1,UNIT OF LANGUAGE,LETTER,PARAGRAPH,SENTENCE,WORD,GREEN,2,TRADEMARK,FEATURE,HALLMARK,STAMP,TRAIT,BLUE,3,FUNNY PERSON,CARD,CLOWN,CUTUP,JOKER,PURPLE,4,THINGS WITH LEAVES,BOOK,TABLE,TEA,TREE
154,2023 Nov 12,YELLOW,1,PRESIDENTS,FORD,GRANT,LINCOLN,WILSON,GREEN,2,SPORTS PROFESSIONALS,COACH,GM,PLAYER,SCOUT,BLUE,3,CAR COMPANIES,BMW,HONDA,JAGUAR,SUBARU,PURPLE,4,COMMON PREFIXES,AUTO,POST,SEMI,SUB
153,2023 Nov 11,YELLOW,1,SPARSE/LACKING,LIGHT,SHORT,SPARE,THIN,GREEN,2,FUN TIME,BALL,BLAST,KICK,RIOT,BLUE,3,FILMMAKING EQUIPMENT,BOOM,DOLLY,LENS,TRIPOD,PURPLE,4,"GET A ___!",CLUE,GRIP,LIFE,ROOM
152,2023 Nov 10,YELLOW,1,SPICES,ANISE,DILL,NUTMEG,SAGE,GREEN,2,INTELLIGENT,BRIGHT,QUICK,SHARP,SMART,BLUE,3,DEODORANTS,AXE,DEGREE,OLD SPICE,SECRET,PURPLE,4,MEDIEVAL WEAPONS,CLUB,MACE,SPEAR,SWORD
151,2023 Nov 9,YELLOW,1,DOCTORS' ORDERS,DIET,EXERCISE,FRESH AIR,SLEEP,GREEN,2,EMAIL ACTIONS,COMPOSE,FORWARD,REPLY ALL,SEND,BLUE,3,PODCASTS,RADIOLAB,SERIAL,UP FIRST,WTF,PURPLE,4,___ COMEDY,BLACK,DIVINE,PROP,SKETCH
150,2023 Nov 8,YELLOW,1,BROUGHT TO THE BEACH,FLIP-FLOP,SUNSCREEN,TOWEL,UMBRELLA,GREEN,2,TYPES OF FRENCH FRIES,CURLY,SHOESTRING,WAFFLE,WEDGE,BLUE,3,EQUIVOCATE,HEDGE,SEE-SAW,WAVER,YO-YO,PURPLE,4,SECOND WORDS OF VODKA COCKTAILS,BREEZE,MARY,MULE,RUSSIAN
149,2023 Nov 7,YELLOW,1,DIGITAL NOTIFICATION SOUNDS,CHIME,DING,PING,RING,GREEN,2,TATTLE,RAT,SING,SNITCH,SQUEAL,BLUE,3,GROUP WITHIN A GROUP,CAMP,DIVISION,FACTION,WING,PURPLE,4,MICROSOFT PRODUCTS,BING,EDGE,SURFACE,WORD
148,2023 Nov 6,YELLOW,1,INVESTMENTS,BOND,CD,OPTION,STOCK,GREEN,2,TERMS FOR RECORDS,LP,PLATTER,VINYL,WAX,BLUE,3,CUBE-SHAPED,BOUILLON,DIE,ICE,SUGAR,PURPLE,4,WORDS THAT GO WITH "BONE",FUNNY,HERRING,SOUP,WISH
147,2023 Nov 5,YELLOW,1,UNCHANGING,EVEN,LEVEL,STABLE,STEADY,GREEN,2,LONG- SHARP OBJECTS,LANCE,PIN,SKEWER,SPIT,BLUE,3,MUSIC PUBLICATIONS,BILLBOARD,PITCHFORK,ROLLING STONE,SPIN,PURPLE,4,WORDS WITH NUMERICAL PREFIXES,UNIFORM,BICYCLE,TRILOGY,QUADRANT
146,2023 Nov 4,YELLOW,1,WAYS TO PREPARE,DRILL,PRACTICE,STUDY,TRAIN,GREEN,2,HOLLOW CYLINDERS,HOSE,PIPE,STRAW,TUBE,BLUE,3,WEAPONS IN THE GAME CLUE,CANDLESTICK,KNIFE,ROPE,WRENCH,PURPLE,4,"E-" THINGS,CIGARETTE,BIKE,TICKET,SPORTS
145,2023 Nov 3,YELLOW,1,NEVERTHELESS,HOWEVER,STILL,THOUGH,YET,GREEN,2,REPEATED WORDS IN EXPRESSIONS,HEAR,KNOCK,THERE,TUT,BLUE,3,WORDS ABBREVIATED WITH LETTERS,ARE,SEE,WHY,YOU,PURPLE,4,ROYAL ___,FAMILY,FLUSH,JELLY,WE
144,2023 Nov 2,YELLOW,1,IGNITE,BURN,KINDLE,LIGHT,TORCH,GREEN,2,INFORMATION,DATA,INFO,INTEL,NEWS,BLUE,3,SMALL WOODED AREA,DELL,GLEN,HOLLOW,VALLEY,PURPLE,4,THINGS WITH CORES,APPLE,COMPUTER,PLANET,REACTOR
143,2023 Nov 1,YELLOW,1,SOCIAL MEDIA ACTIONS,FOLLOW,LIKE,SHARE,SUBSCRIBE,GREEN,2,USE A NEEDLE AND THREAD,DARN,HEM,SEAM,SEW,BLUE,3,SHOWS SET IN HOSPITALS,ER,HOUSE,RATCHED,SCRUBS,PURPLE,4,EXPRESSIONS OF HESITATION,ERM,UH,UM,WELL
142,2023 Oct 31,YELLOW,1,FLOWERS,DAISY,ROSE,TULIP,VIOLET,GREEN,2,SEEN ON A FARM,BARN,CHICKEN,FARMER,TRACTOR,BLUE,3,HORROR DIRECTORS,ASTER,CARPENTER,CRAVEN,WAN,PURPLE,4,___ JACKET,DUST,LIFE,SPORTS,YELLOW
141,2023 Oct 30,YELLOW,1,BIRD FEATURES,BEAK,FEATHER,TALON,WING,GREEN,2,BLINK OF AN EYE,FLASH,HEARTBEAT,SECOND,WINK,BLUE,3,MAHJONG TILES,BAMBOO,DRAGON,SEASON,WIND,PURPLE,4,___ BUTTON,BELLY,HOT,PANIC,SNOOZE
140,2023 Oct 29,YELLOW,1,MISHMASH,HASH,JUMBLE,MEDLEY,STEW,GREEN,2,GO UP AGAINST,CHALLENGE,CONFRONT,FACE,OPPOSE,BLUE,3,GROUP OF OFFSPRING,BROOD,CLUTCH,HATCH,LITTER,PURPLE,4,GUITAR PARTS,BODY,BRIDGE,FRET,NECK
139,2023 Oct 28,YELLOW,1,SENSES,SIGHT,SMELL,TASTE,TOUCH,GREEN,2,APPEARANCE,DRESS,LOOK,MANNER,STYLE,BLUE,3,"AGREE!",DITTO,LIKEWISE,SAME,SECOND,PURPLE,4,___ MOON,BLUE,HARVEST,NEW,SAILOR
138,2023 Oct 27,YELLOW,1,SHAMELESS BOLDNESS,BRASS,CHEEK,GALL,NERVE,GREEN,2,METAL ELEMENTS,COPPER,GOLD,NICKEL,SILVER,BLUE,3,W.N.B.A. TEAMS,MERCURY,SKY,SPARKS,LIBERTY,PURPLE,4,THINGS WITH TRUNKS,CARS,ELEPHANTS,SWIMMERS,TREES
137,2023 Oct 26,YELLOW,1,INCREASE,BUILD,GROW,SWELL,MOUNT,GREEN,2,EXCELLENT- IN OLD SLANG,ACES,KEEN,NEATO,NIFTY,BLUE,3,FINE BUBBLES,FOAM,FROTH,HEAD,LATHER,PURPLE,4,SPHERICAL THINGS,BUBBLE,GLOBE,MARBLE,PEARL
136,2023 Oct 25,YELLOW,1,GRAMMAR TENSE TERMS,FUTURE,PAST,PERFECT,PRESENT,GREEN,2,"GRACIOUS ME!",GOODNESS,HEAVENS,LORD,MERCY,BLUE,3,12 DAYS OF CHRISTMAS,DRUMMER,LADY,RING,SWAN,PURPLE,4,___ SYRUP,CORN,COUGH,MAPLE,SIMPLE
135,2023 Oct 24,YELLOW,1,ANIMAL GROUPS,COLONY,HERD,PRIDE,SCHOOL,GREEN,2,SMALL OPENING,CRANNY,NICHE,NOOK,RECESS,BLUE,3,PARADIGMATIC,CLASSIC,DEFINITIVE,MODEL,TEXTBOOK,PURPLE,4,RHYMING COMPOUND WORDS,BACKPACK,BIGWIG,DOWNTOWN,RAGTAG
134,2023 Oct 23,YELLOW,1,CELL PHONE MODES,FOCUS,RING,SILENT,VIBRATE,GREEN,2,IMPEL,DRIVE,INSPIRE,MOTIVATE,SPUR,BLUE,3,ROMANTIC BEGINNINGS,CONNECTION,FEELINGS,SPARK,VIBE,PURPLE,4,HARD ___,CANDY,COPY,KNOCKS,SELTZER
133,2023 Oct 22,YELLOW,1,RELAX,CHILL,HANG,LOAF,LOUNGE,GREEN,2,CATCHY SONG,BANGER,BOP,GROOVE,JAM,BLUE,3,BRITISH CUISINE,MASH,ROAST,SCONE,TRIFLE,PURPLE,4,STICKY SITUATION,BIND,PICKLE,SCRAPE,SPOT
132,2023 Oct 21,YELLOW,1,TABLEWARE,BOWL,DISH,PLATE,SAUCER,GREEN,2,NONSENSE,BALONEY,BUNK,CROCK,TRIPE,BLUE,3,BRA PARTS,CUP,HOOK,STRAP,WIRE,PURPLE,4,ACRONYMS,LASER,RADAR,SCUBA,SPAM
131,2023 Oct 20,YELLOW,1,ANIMAL HOMES,DEN,HIVE,LAIR,NEST,GREEN,2,VIRTUAL SPACES,CLOUD,METAVERSE,NET,WEB,BLUE,3,EQUITABLE,EQUAL,EVEN,FAIR,JUST,PURPLE,4,___ BURGER,GOOD,IMPOSSIBLE,NOTHING,WARREN
130,2023 Oct 19,YELLOW,1,FALSIFY,FABRICATE,FAKE,FIX,FORGE,GREEN,2,MILD OATHS,FIDDLESTICKS,FIE,FRICK,FUDGE,BLUE,3,TV SHOWS,FARGO,FIREFLY,FLEABAG,FLIPPER,PURPLE,4,FAST ___,FASHION,FOOD,FORWARD,FRIENDS
129,2023 Oct 18,YELLOW,1,SOMETHING TIRESOME,BORE,DRAG,SNOOZE,YAWN,GREEN,2,BIT OF WIND,BREEZE,DRAFT,GUST,PUFF,BLUE,3,PIQUANCY,BITE,KICK,TANG,ZIP,PURPLE,4,SINGULAR OF THINGS SEEN IN PAIRS,BOXER,GOGGLE,PANT,TONG
128,2023 Oct 17,YELLOW,1,TAUNTS,BOO,HISS,JEER,RASPBERRY,GREEN,2,FAILURE,BOMB,DUD,FLOP,LEMON,BLUE,3,RUDELY BREAK OFF CONTACT,DESERT,GHOST,IGNORE,JILT,PURPLE,4,ROCK ___,BOTTOM,CANDY,GARDEN,STAR
127,2023 Oct 16,YELLOW,1,DAYS OF THE WEEK,FRIDAY,SATURDAY,SUNDAY,THURSDAY,GREEN,2,GO BAD,ROT,SOUR,SPOIL,TURN,BLUE,3,"THE ADDAMS FAMILY" CHARACTERS,FESTER,LURCH,THING,WEDNESDAY,PURPLE,4,FAT ___,CAT,CHANCE,LIP,TUESDAY
126,2023 Oct 15,YELLOW,1,TOOLS,FILE,HAMMER,LEVEL,SAW,GREEN,2,PULL,JERK,TUG,WRENCH,YANK,BLUE,3,SHORTCUT COMMANDS,COPY,FIND,PRINT,SAVE,PURPLE,4,TITLE MOVIE ANIMALS,BABE,BEETHOVEN,CHARLOTTE,WILLY
125,2023 Oct 14,YELLOW,1,BUTT,BOTTOM,BUNS,SEAT,TAIL,GREEN,2,ROTARY PHONE PARTS,CORD,CRADLE,DIAL,HANDSET,BLUE,3,SLANG FOR HOME,CRIB,DIGS,JOINT,PAD,PURPLE,4,PLUNDER,BOOTY,LOOT,SPOILS,SWAG
124,2023 Oct 13,YELLOW,1,BEANS,FAVA,KIDNEY,LIMA,PINTO,GREEN,2,CITIES BEGINNING WITH "L",LAGOS,LIMERICK,LINCOLN,LUXOR,BLUE,3,POETRY TERMS,LINE,METER,RHYME,VERSE,PURPLE,4,"THE(E) ___" RAPPERS,CREATOR,DUDE,RAPPER,STALLION
123,2023 Oct 12,YELLOW,1,CONCEAL,BLOCK,COVER,HIDE,MASK,GREEN,2,PARTS OF A WATCH,CROWN,DIAL,HAND,STRAP,BLUE,3,WONDER WOMAN'S COSTUME,LASSO,SHIELD,SWORD,TIARA,PURPLE,4,THINGS THAT CAN RUN,CANDIDATE,FAUCET,MASCARA,NOSE
122,2023 Oct 11,YELLOW,1,FILM SET DIRECTIVES,ACTION,CAMERA,CUT,LIGHTS,GREEN,2,CONDITIONAL WORDS,CAN,COULD,MAY,MIGHT,BLUE,3,FOREMOST,HEAD,LEAD,PRIME,TOP,PURPLE,4,___ PAPER,BUTCHER,SCRAP,TOILET,WAX
121,2023 Oct 10,YELLOW,1,ORIGIN,GENESIS,GERM,SEED,SOURCE,GREEN,2,BIBLE BOOKS,ACTS,JOB,KINGS,MARK,BLUE,3,N.H.L. TEAMS,FLAMES,KRAKEN,STARS,WILD,PURPLE,4,POWER ___,NAP,PLANT,RANGER,TRIP
120,2023 Oct 9,YELLOW,1,CROPS,CORN,CUCUMBER,PEPPER,TOMATO,GREEN,2,SLANG FOR HEAD,CROWN,DOME,MELON,NOODLE,BLUE,3,SONG,CUT,NUMBER,SINGLE,TRACK,PURPLE,4,THINGS THAT WHISTLE,BIRD,KETTLE,REFEREE,TRAIN
119,2023 Oct 8,YELLOW,1,CELEBRATORY OCCASIONS,ANNIVERSARY,BIRTHDAY,SHOWER,WEDDING,GREEN,2,PHONE CONNECTIVITY,BARS,RECEPTION,SERVICE,SIGNAL,BLUE,3,CITIES AND TOWNS IN ENGLAND,BATH,DERBY,READING,SANDWICH,PURPLE,4,___ OPERA,COMIC,MET,ROCK,SOAP
118,2023 Oct 7,YELLOW,1,RHYMES,DARREN,KAREN,SHARON,AARON,GREEN,2,NATURAL FEATURES,DALE,BROOK,SAVANNA,CLIFF,BLUE,3,IRREGULAR VERBS,DREW,ROSE,WILL,MAY,PURPLE,4,PALINDROMES,EVE,HANNAH,OTTO,NATAN
117,2023 Oct 6,YELLOW,1,LAUGHTER- IN A TEXT,DEAD,HAHA,LOL,ROFL,GREEN,2,ART MOVEMENTS,DADA,DECO,GOTHIC,POP,BLUE,3,"PETER PAN" CHARACTERS,HOOK,NANA,PETER,WENDY,PURPLE,4,LADY ___,BIRD,GAGA,LUCK,MACBETH
116,2023 Oct 5,YELLOW,1,DIVISION,ARM,BRANCH,CHAPTER,WING,GREEN,2,IMPERIAL UNITS,BUSHEL,PECK,STONE,TON,BLUE,3,M.L.B. TEAM MEMBER,ANGEL,CUB,MET,RED,PURPLE,4,INSECT HOMOPHONES,AUNT,BEATLE,FLEE,NAT
115,2023 Oct 4,YELLOW,1,CHRISTMAS-RELATED,MISTLETOE,REINDEER,SNOWMAN,STOCKING,GREEN,2,MAKE PUBLIC,DISPLAY,EXHIBIT,PRESENT,SHOW,BLUE,3,TORUS-SHAPED FOOD,BAGEL,CHEERIO,DONUT,LIFESAVER,PURPLE,4,THINGS WITH STRIPES,CANDY CANE,CROSSWALK,REFEREE,TIGER
114,2023 Oct 3,YELLOW,1,LONG-HAIRED ANIMALS,AFGHAN,ALPACA,ANGORA,YAK,GREEN,2,PRATTLE ON,BLATHER,CHAT,JABBER,GAB,BLUE,3,SNEAKER BRANDS,CONVERSE,JORDAN,PUMA,VANS,PURPLE,4,___ BALLOON,LEAD,SPEECH,TRIAL,WATER
113,2023 Oct 2,YELLOW,1,WAYS TO SHOW RESPECT,BOW,KNEEL,SALUTE,STAND,GREEN,2,IPHONE APPS,CLOCK,MAIL,MAPS,NOTES,BLUE,3,ANIMAL COVERINGS,DOWN,FUR,SCALES,SHELL,PURPLE,4,"POINTERS",ARROW,DOG,FINGER,HINT
112,2023 Oct 1,YELLOW,1,COFFEE COUNTER ITEMS,CUP,LID,STIRRER,STRAW,GREEN,2,NOCTURNAL ANIMALS,BAT,MOTH,OWL,WOLF,BLUE,3,THINGS THAT ARE RED,BEET,BRICK,CARDINAL,POPPY,PURPLE,4,___ FIGURE,ACTION,BALLPARK,GO,STICK
111,2023 Sep 30,YELLOW,1,PLAYING CARD SUITS,CLUB,DIAMOND,HEART,SPADE,GREEN,2,GOLF CLUBS,IRON,PUTTER,WEDGE,WOOD,BLUE,3,YEARN,ACHE,LONG,PINE,THIRST,PURPLE,4,INSUFFICIENT,LOW,SHORT,SHY,WANTING
110,2023 Sep 29,YELLOW,1,VERY IMPORTANT,CENTRAL,CRITICAL,KEY,VITAL,GREEN,2,RECYCLNG CATEGORIES,GLASS,METAL,PAPER,PLASTIC,BLUE,3,HUDSONS,HENRY,JENNIFER,KATE,ROCK,PURPLE,4,WHAT "BEAT" MAY MEAN,ASSIGNMENT,DEFEAT,TEMPO,TIRED
109,2023 Sep 28,YELLOW,1,REFLECT LIGHT,FLASH,GLEAM,GLITTER,SPARKLE,GREEN,2,WAYS TO GATHER FOOD,FISH,FORAGE,HUNT,TRAP,BLUE,3,RAP SUBGENRES,BOUNCE,CRUNK,DRILL,GRIME,PURPLE,4,LIGHT ___,BEER,BULB,RAIL,YEAR
108,2023 Sep 27,YELLOW,1,PRODUCED BY TREES,ACORN,CONE,POLLEN,SAP,GREEN,2,CANDY STORE TREATS,CHOCOLATE,GUM,LICORICE,LOLLIPOP,BLUE,3,TARGET OF A SCHEME,CHUMP,FOOL,MARK,SUCKER,PURPLE,4,THINGS WITH EYE(S),FACE,HURRICANE,NEEDLE,POTATO
107,2023 Sep 26,YELLOW,1,SNAKES,BOA,MAMBA,PYTHON,VIPER,GREEN,2,LINGERIE,GARTER,SLIP,TEDDY,THONG,BLUE,3,SUMMARY,ABSTRACT,BRIEF,DIGEST,RUNDOWN,PURPLE,4,FULL ___,CIRCLE,HOUSE,MONTY,MOON
106,2023 Sep 25,YELLOW,1,BRIDAL ACCESSORIES,BOUQUET,RING,TRAIN,VEIL,GREEN,2,"C" WORDS FOR "ENVELOP",CAKE,COAT,COVER,CRUST,BLUE,3,JACKS,BLACK,FROST,MA,SPARROW,PURPLE,4,SOCIAL MEDIA APP ENDINGS,BOOK,GRAM,IN,TUBE
105,2023 Sep 24,YELLOW,1,KITCHEN UTENSILS,GRATER,LADLE,PEELER,WHISK,GREEN,2,VERTEBRATES,BIRD,FISH,MAMMAL,REPTILE,BLUE,3,SUPER MARIO-RELATED,DINOSAUR,MUSHROOM,PLUMBER,PRINCESS,PURPLE,4,SITCOM FAMILIES,BUNKER,CLEAVER,PARTRIDGE,TANNER
104,2023 Sep 23,YELLOW,1,ROBUST,FIT,HEALTHY,SOUND,STRONG,GREEN,2,DECLINE,DIP,DROP,FALL,SINK,BLUE,3,WATER SOURCES,FOUNTAIN,SPRING,TAP,WELL,PURPLE,4,WOMEN SINGERS,KEYS,NICKS,SUMMER,SWIFT
103,2023 Sep 22,YELLOW,1,SODA FOUNTAIN ORDERS,FLOAT,MALT,SHAKE,SUNDAE,GREEN,2,SET- AS PLANS,CONCRETE,FIRM,SOLID,TANGIBLE,BLUE,3,M. NIGHT SHYAMALAN MOVIES,GLASS,OLD,SIGNS,SPLIT,PURPLE,4,___BOARD,DASH,HOVER,KEY,STAR
102,2023 Sep 21,YELLOW,1,RESTAURANT WORKERS,BARTENDER,CHEF,HOST,SERVER,GREEN,2,MOTOR VEHICLES,BUS,CAR,MOTORCYCLE,TRUCK,BLUE,3,MUPPETS,ANIMAL,BEAKER,GONZO,SCOOTER,PURPLE,4,HAND- AND FOOT-RELATED SLANG,DIGIT,DOG,MITT,PIGGY
101,2023 Sep 20,YELLOW,1,REPLACEMENT,BACKUP,COPY,EXTRA,SPARE,GREEN,2,BOWLING,ALLEY,BALL,LANE,PIN,BLUE,3,COMMON MERCH ITEMS,MUG,PEN,TEE,TOTE,PURPLE,4,NUMBER HOMOPHONES,ATE,FOR,TOO,WON
100,2023 Sep 19,YELLOW,1,WEB BROWSER-RELATED,BOOKMARK,HISTORY,TAB,WINDOW,GREEN,2,SHIRT FEATURES,BUTTON,COLLAR,CUFF,POCKET,BLUE,3,CONNECTION,BOND,LINK,RELATION,TIE,PURPLE,4,DIRTY ___,DOZEN,JOKE,LAUNDRY,MARTINI
99,2023 Sep 18,YELLOW,1,INTELLIGENT,BRIGHT,CLEVER,QUICK,SHARP,GREEN,2,AIRLINES,ALASKA,FRONTIER,SOUTHWEST,SPIRIT,BLUE,3,WESTERN TROPES,COWBOY,DRIFTER,OUTLAW,SHERIFF,PURPLE,4,TV SHOW TITLE SURNAMES,LASSO,MARS,ROGERS,SMART
98,2023 Sep 17,YELLOW,1,FRUITS,APRICOT,FIG,GRAPE,LIME,GREEN,2,LUXURIOUS,DELUXE,GRAND,LAVISH,OPULENT,BLUE,3,BEST ACTRESS OSCAR WINNERS,BERRY,FOSTER,STONE,SWANK,PURPLE,4,WHAT "GREEN" MIGHT MEAN,ENVIOUS,FRESH,NAIVE,UNWELL
97,2023 Sep 16,YELLOW,1,FAIRY TALE FIGURES,GIANT,PRINCESS,WITCH,WOLF,GREEN,2,CHESS TERMS,BISHOP,MATE,GAMBIT,QUEEN,BLUE,3,"PEANUTS" CHARACTERS,CHARLIE,PEPPERMINT PATTY,PIGPEN,WOODSTOCK,PURPLE,4,I LOVE ___,LUCY,NEW YORK,ROCK 'N ROLL,YOU
96,2023 Sep 15,YELLOW,1,BOVIDS,BUFFALO,COW,GOAT,SHEEP,GREEN,2,EMIT LIGHT,BEAM,GLOW,RADIATE,SHINE,BLUE,3,GYMNASTICS APPARATUS,FLOOR,HORSE,RINGS,VAULT,PURPLE,4,WORDS THAT SOUND LIKE TWO LETTERS,CUTIE,ENVY,EXCEL,SEEDY
95,2023 Sep 14,YELLOW,1,EYE PARTS,IRIS,LENS,PUPIL,RETINA,GREEN,2,COUNTERFEIT,BOGUS,FAKE,PHONY,SHAM,BLUE,3,RADIO LINGO,COPY,OUT,OVER,ROGER,PURPLE,4,SONGS THAT ARE NAMES,ALEJANDRO,LOLA,MICHELLE,STAN
94,2023 Sep 13,YELLOW,1,"SKEDADDLE!",GET OUT,GO,LEAVE,SCRAM,GREEN,2,PRONOUNS,ME,THEM,US,YOU,BLUE,3,ANAGRAMS,NOPE,OPEN,PEON,PONE,PURPLE,4,___ BABY,BEANIE,FUR,NEPO,SANTA
93,2023 Sep 12,YELLOW,1,HOT DRINKS,CHAI,COCOA,COFFEE,TEA,GREEN,2,ANIMAL SOUNDS,BUZZ,CLUCK,MEOW,OINK,BLUE,3,TREE FEATURES,BARK,BRANCH,ROOT,TRUNK,PURPLE,4,INSIDE INFO,DIRT,DISH,SCOOP,SKINNY
92,2023 Sep 11,YELLOW,1,HALLOWEEN DECORATIONS,BAT,COBWEB,PUMPKIN,TOMBSTONE,GREEN,2,TV SHOWS,24,BONES,FIREFLY,WEEDS,BLUE,3,SLOT MACHINE SYMBOLS,7,BAR,BELL,CHERRY,PURPLE,4,NUMBERS IN BOOK TITLES,22,451,2001,20
91,2023 Sep 10,YELLOW,1,AMAZON ANIMALS,ANACONDA,CAPYBARA,JAGUAR,TOUCAN,GREEN,2,LOWEST POINT,BASE,BOTTOM,FOOT,FOUNDATION,BLUE,3,MUSICALS,COMPANY,GREASE,HAIR,RENT,PURPLE,4,SEA ___,CHANGE,CUCUMBER,LEGS,LION
90,2023 Sep 9,YELLOW,1,BASEBALL CALLS,BALL,OUT,SAFE,STRIKE,GREEN,2,HEAT SOURCES,FORGE,FURNACE,KILN,OVEN,BLUE,3,FISH THAT ARE VERBS,CARP,CATFISH,FLOUNDER,SMELT,PURPLE,4,SILENT "L",COLONEL,SALMON,WALK,YOLK
89,2023 Sep 8,YELLOW,1,INHERENT NATURE,ESSENCE,HEART,SPIRIT,SOUL,GREEN,2,FERMENETED ALCOHOLIC BEVERAGES,CIDER,PORT,SAKE,STOUT,BLUE,3,PIXAR MOVIES,BRAVE,CARS,COCO,UP,PURPLE,4,___ TAPE,DEMO,RED,SCOTCH,TICKER
88,2023 Sep 7,YELLOW,1,ROCKY HORROR PICTURE SHOW,HORROR,PICTURE,ROCKY,SHOW,GREEN,2,WHO FRAMED ROGER RABBIT,FRAMED,RABBIT,ROGER,WHO,BLUE,3,WHEN HARRY MET SALLY,HARRY,MET,SALLY,WHEN,PURPLE,4,MAD MAX FURY ROAD,FURY,MAD,MAX,ROAD
87,2023 Sep 6,YELLOW,1,CREATURES IN FOLKLORE,GNOME,GOBLIN,OGRE,TROLL,GREEN,2,FLOWER PARTS,BUD,LEAF,PETAL,STALK,BLUE,3,ONE INVOLVED IN ESPIONAGE,AGENT,MOLE,PLANT,SPY,PURPLE,4,CHINESE ZODIAC ANIMALS,DRAGON,HORSE,RABBIT,TIGER
86,2023 Sep 5,YELLOW,1,INFORMATION DISPLAYS,CHART,DIAGRAM,GRAPH,MAP,GREEN,2,ADDITIONAL BENEFIT,BONUS,EXTRA,ICING,PERK,BLUE,3,THANKSGIVING FOOD,GRAVY,PIE,STUFFING,TURKEY,PURPLE,4,SONG TITLES WITH PARENTHESES,I RAN,ISTANBUL,MONTERO,SATISFACTION
85,2023 Sep 4,YELLOW,1,PAINTING ACCESSORIES,BRUSH,CANVAS,EASEL,PALETTE,GREEN,2,AUTOMATIC TRANSMISSION SETTINGS,DRIVE,NEUTRAL,PARK,REVERSE,BLUE,3,THINGS WITH TEETH,COMB,GEAR,SAW,ZIPPER,PURPLE,4,___ CHAIR,FIRST,FOLDING,HIGH,LAWN
84,2023 Sep 3,YELLOW,1,FEMALE ANIMALS,COW,DOE,HEN,MARE,GREEN,2,PRONOUNS,I,IT,THEY,WE,BLUE,3,ROMAN NUMERALS,D,L,M,V,PURPLE,4,HOMOPHONES,EWE,U,YEW,YOU
83,2023 Sep 2,YELLOW,1,AU NATUREL,BARE,NAKED,NUDE,UNCLAD,GREEN,2,BAKED GOODS,BUN,DANISH,MUFFIN,TURNOVER,BLUE,3,AMERICAN FOOTBALL ACTIONS,FUMBLE,PUNT,SACK,SNAP,PURPLE,4,MANICURE STEPS,BUFF,CLIP,FILE,POLISH
82,2023 Sep 1,YELLOW,1,DRINK VESSELS,GOBLET,SNIFTER,TUMBLER,STEIN,GREEN,2,WOODWINDS,CLARINET,FLUTE,OBOE,SAXOPHONE,BLUE,3,AMERICAN POETS,BISHOP,FROST,OLDS,POUND,PURPLE,4,CONSECUTIVE DOUBLE LETTERS,BALLOON,BASSOON,COFFEE,FRICASSEE
81,2023 Aug 31,YELLOW,1,APPETIZER UNIT,FRY,NACHO,POPPER,WING,GREEN,2,RESPONSE TO A CORRECT ANSWER,BINGO,CORRECT,RIGHT,YES,BLUE,3,MAR,CHIP,DING,NICK,SCRATCH,PURPLE,4,___JACK,APPLE,CRACKER,FLAP,LUMBER
80,2023 Aug 30,YELLOW,1,PLAYGROUND FIXTURES,SANDBOX,SEESAW,SLIDE,SWING,GREEN,2,INFLUENCE,CLOUT,PULL,SWAY,WEIGHT,BLUE,3,EGYPTIAN SYMBOLS,ANKH,CROOK,EYE,SCARAB,PURPLE,4,FONTS,COURIER,IMPACT,PAPYRUS,TIMES
79,2023 Aug 29,YELLOW,1,DEPART QUICKLY,BOOK,BOUNCE,RUN,SPLIT,GREEN,2,ANIMALS THAT END WITH "X",FOX,IBEX,LYNX,ORYX,BLUE,3,SHADES OF BLACK,EBONY,JET,ONYX,RAVEN,PURPLE,4,WORDS BEFORE DAYS OF THE WEEK,ASH,BLACK,CYBER,FAT
78,2023 Aug 28,YELLOW,1,STATES OF ELATION,BLISS,CLOUD NINE,HEAVEN,PARADISE,GREEN,2,SCAM,CON,FAST ONE,HUSTLE,RACKET,BLUE,3,GREETING GESTURES,HIGH FIVE,HUG,SHAKE,WAVE,PURPLE,4,___ LIST,BUCKET,GUEST,TOP TEN,WISH
77,2023 Aug 27,YELLOW,1,PIECES OF CHICKEN,BREAST,DRUMSTICK,TENDER,WING,GREEN,2,GOLF TERMS,DRIVER,EAGLE,HOLE,STROKE,BLUE,3,DRUM SET COMPONENTS,CYMBAL,KICK,SNARE,TOM,PURPLE,4,ASSOCIATED WITH "CRAWL",INFANT,PUB,SWIMMING,TICKER
76,2023 Aug 26,YELLOW,1,BOARD GAMES,RISK,SORRY,TABOO,TROUBLE,GREEN,2,NEWSPAPER SECTIONS,BUSINESS,NATIONAL,OPINION,STYLE,BLUE,3,FIGURES IN GREEK MYTH,ATLAS,HERMES,NIKE,PARIS,PURPLE,4,FIRST WORDS IN RAPPERS' NAMES,FOXY,GUCCI,KILLER,NOTORIOUS
75,2023 Aug 25,YELLOW,1,SOCIAL GATHERING,BASH,BLOWOUT,PARTY,SHINDIG,GREEN,2,FOUND IN A KITCHEN,COUNTER,MIXER,RANGE,SINK,BLUE,3,"PINOCCHIO" FIGURES,CRICKET,PUPPET,WHALE,WOODCARVER,PURPLE,4,EASTER ___,BUNNY,EGG,ISLAND,SUNDAY
74,2023 Aug 24,YELLOW,1,EXTINCT ANIMALS,DODO,MAMMOTH,MASTODON,TRILOBITE,GREEN,2,FAILURES,BUSTS,FLOPS,MISSES,TURKEYS,BLUE,3,SLANG FOR CLOTHES,DUDS,GETUP,OUTFIT,THREADS,PURPLE,4,KISS,PECK,SMACK,SMOOCH,X
73,2023 Aug 23,YELLOW,1,FACIAL HAIR,BEARD,GOATEE,MUSTACHE,STUBBLE,GREEN,2,BIKE PARTS,GEAR,HANDLEBAR,PEDAL,WHEEL,BLUE,3,PURSUE,DOG,FOLLOW,TAIL,TRACK,PURPLE,4,THINGS THAT ARE CAST,DOUBT,MOVIE,SHADOW,VOTE
72,2023 Aug 22,YELLOW,1,PERFORMING ARTISTS,ACTOR,DANCER,SINGER,STAND-UP,GREEN,2,SANTA'S REINDEER,COMET,CUPID,DASHER,VIXEN,BLUE,3,SEEN ON VALENTINE'S DAY,CARD,CHOCOLATE,HEART,ROSE,PURPLE,4,BAD ___ MOVIES",BOYS,LIEUTENANT,SANTA,TASTE
71,2023 Aug 21,YELLOW,1,U.S. MOUNTAIN STATES,ARIZONA,COLORADO,NEVADA,UTAH,GREEN,2,SODA BRANDS,CRUSH,MUG,SPRITE,SQUIRT,BLUE,3,CLASSIC ROCK BANDS,GENESIS,KANSAS,RUSH,YES,PURPLE,4,TONY ___,HAWK,MONTANA,SOPRANO,STARK
70,2023 Aug 20,YELLOW,1,CAMPING SUPPLIES,COOLER,LANTERN,SLEEPING BAG,TENT,GREEN,2,INSULT,BARB,DIG,DISS,JAB,BLUE,3,TINY,MINUTE,SLIGHT,SMALL,WEE,PURPLE,4,HAPPY ___,CAMPER,HOUR,MEAL,MEDIUM
69,2023 Aug 19,YELLOW,1,FRIEND,BUD,CHUM,MATE,PAL,GREEN,2,COOKWEAR,CROCK,POT,SKILLET,WOK,BLUE,3,SHOES,CLOG,PUMP,SLIDE,WEDGE,PURPLE,4,SLANG FOR CANNABIS,GRASS,HERB,MARY JANE,WEED
68,2023 Aug 18,YELLOW,1,UNITS OF VOLUME,CUP,GALLON,PINT,QUART,GREEN,2,EXTREMELY,AWFUL,QUITE,SUPER,VERY,BLUE,3,WORLD CURRENCIES,RAND,REAL,STERLING,WON,PURPLE,4,___ CAKE,CARROT,COFFEE,POUND,SPONGE
67,2023 Aug 17,YELLOW,1,DESSERTS,CAKE,COBBLER,PIE,TART,GREEN,2,OCCUPATIONAL SURNAMES,FISHER,MASON,MILLER,SMITH,BLUE,3,ALTER DECEPTIVELY,DISTORT,DOCTOR,FUDGE,TWIST,PURPLE,4,SQUARE ___,DANCE,MEAL,ONE,ROOT
66,2023 Aug 16,YELLOW,1,TIME PERIODS,CENTURY,DECADE,MILLENNIUM,YEAR,GREEN,2,BREAKFAST FOODS,CEREAL,OMELET,PANCAKE,WAFFLE,BLUE,3,PAINTERS,BACON,CLOSE,MUNCH,WHISTLER,PURPLE,4,ONE IN A DOZEN,EGG,JUROR,MONTH,ROSE
65,2023 Aug 15,YELLOW,1,STATES OF MATTER,GAS,LIQUID,PLASMA,SOLID,GREEN,2,ENERGY,JUICE,SPIRIT,STEAM,VIGOR,BLUE,3,CLASSICAL ELEMENTS,AIR,EARTH,FIRE,WATER,PURPLE,4,THINGS WITH RINGS,CIRCUS,SATURN,TREE,WEDDING
64,2023 Aug 14,YELLOW,1,CLASSIC DOG NAMES,FIDO,LUCKY,ROVER,SPOT,GREEN,2,PERCEIVE,CATCH,NOTICE,OBSERVE,SEE,BLUE,3,FISHING TERMS,BAIT,CHUM,FLY,SINKER,PURPLE,4,T-___,BONE,REX,SHIRT,STORM
63,2023 Aug 13,YELLOW,1,FASTENING VERBS,BUCKLE,BUTTON,SNAP,ZIP,GREEN,2,SLANG FOR ZERO,JACK,NADA,NOTHING,SQUAT,BLUE,3,GYM EXERCISES,CURL,LUNGE,PLANK,PRESS,PURPLE,4,CAPTAINS,CRUNCH,KANGAROO,OBVIOUS,PLANET
62,2023 Aug 12,YELLOW,1,STATE ABBREVIATIONS,CO,MA,ME,PA,GREEN,2,MUSICAL NOTES,DO,FA,LA,TI,BLUE,3,GREEK LETTERS,MU,NU,PI,XI,PURPLE,4,PERIODIC TABLE SYMBOLS,FE,HE,NA,NI
61,2023 Aug 11,YELLOW,1,THEORETICAL PHYSICISTS,EINSTEIN,FEYNMAN,HAWKING,OPPENHEIMER,GREEN,2,TALENT,FACULTY,FLAIR,GENIUS,GIFT,BLUE,3,AUSTRALIAN TERMS,BARBIE,BUSH,CRIKEY,MATE,PURPLE,4,___ POINT,MATCH,MOOT,SELLING,WEST
60,2023 Aug 10,YELLOW,1,HORROR FRANCHISES,PURGE,RING,SAW,SCREAM,GREEN,2,SPORTS VENUES,COURT,DIAMOND,FIELD,RINK,BLUE,3,MAKE HAPPY,CHARM,DELIGHT,PLEASE,TICKLE,PURPLE,4,JEWELRY,ANKLET,BANGLE,BROOCH,PENDANT
59,2023 Aug 9,YELLOW,1,UNSPECIFIED QUANTITIES,FEW,HANDFUL,SEVERAL,SOME,GREEN,2,CELESTIAL OBJECTS,ASTEROID,COMET,MOON,PLANET,BLUE,3,NEWSPAPERS,GLOBE,JOURNAL,POST,SUN,PURPLE,4,FRUIT HOMOPHONES,LYME,MELLON,PAIR,PLUMB
58,2023 Aug 8,YELLOW,1,ARACHNIDS,MITE,SCORPION,SPIDER,TICK,GREEN,2,FISH,CHAR,EEL,PERCH,SHARK,BLUE,3,SUPERHEROES,BLACK WIDOW,BLADE,FLASH,STORM,PURPLE,4,MTV SHOWS,CATFISH,CRIBS,JACKASS,STATE
57,2023 Aug 7,YELLOW,1,MOVIE GENRES,HORROR,MUSICAL,ROMANCE,WESTERN,GREEN,2,PATTERNS,HOUNDSTOOTH,PAISLEY,PLAID,STRIPES,BLUE,3,SYNONYMS FOR FALSEHOOD,FIB,FICTION,LIE,TALE,PURPLE,4,CANDY PIECES,DOT,GOOBER,KISS,WHOPPER
56,2023 Aug 6,YELLOW,1,CLASSIC ARCADE GAMES,ASTEROIDS,BREAKOUT,FROGGER,PONG,GREEN,2,DANCES,HUSTLE,SALSA,SWING,TANGO,BLUE,3,TOUCHSCREEN GESTURES,PINCH,SPREAD,SWIPE,TAP,PURPLE,4,RAPPERS MINUS NUMBERS,CENT,CHAINZ,PAC,SAVAGE
55,2023 Aug 5,YELLOW,1,CLASSIC TOYS,BLOCKS,DOLL,TOP,YO-YO,GREEN,2,WORDS WITH THREE G'S,BAGGAGE,EGGNOG,GIGGLE,LEGGINGS,BLUE,3,SHAKESPEARE CHARACTERS,DUNCAN,JULIET,PUCK,VIOLA,PURPLE,4,___ STICK,FISH,HOCKEY,MEMORY,SELFIE
54,2023 Aug 4,YELLOW,1,PLACES FOR WORSHIP,ALTAR,RELIQUARY,SHRINE,TEMPLE,GREEN,2,CARTOON CATS,FELIX,GARFIELD,SYLVESTER,TOM,BLUE,3,PRESIDENTIAL FIRST NAMES,CALVIN,CHESTER,GROVER,HARRY,PURPLE,4,___ ROAD,ABBEY,HIGH,ROCKY,SILK
53,2023 Aug 3,YELLOW,1,ANIMAL GROUP NAMES,COLONY,HERD,PRIDE,SWARM,GREEN,2,STONED,BAKED,BLAZED,HIGH,LIT,BLUE,3,AP CLASSES,BIO,CHEM,GOV,STATS,PURPLE,4,TAXONOMY RANKS,CLASS,DOMAIN,FAMILY,ORDER
52,2023 Aug 2,YELLOW,1,COMPUTER EQUIPMENT,KEYBOARD,MONITOR,MOUSE,SPEAKER,GREEN,2,RODENTS,GERBIL,HAMSTER,RAT,VOLE,BLUE,3,MUSICAL INSTRUMENTS,HARP,HORN,ORGAN,TRIANGLE,PURPLE,4,SYNONYMS FOR COMPLAIN,CARP,GRIPE,GROUSE,MOAN
51,2023 Aug 1,YELLOW,1,LONG SANDWICHES,HERO,HOAGIE,GRINDER,SUB,GREEN,2,DATING APPS,BUMBLE,HINGE,MATCH,TINDER,BLUE,3,VAMPIRE MOVIES,BLADE,LOST BOYS,NEAR DARK,TWILIGHT,PURPLE,4,ADAMS,ANT,DRIVER,SCOTT,WEST
50,2023 Jul 31,YELLOW,1,UNITS OF LENGTH,FOOT,INCH,MILE,YARD,GREEN,2,TYPES OF PAINT,ACRYLIC,OIL,TEMPERA,WATERCOLOR,BLUE,3,DEEP-FRIED FOOD,FALAFEL,KATSU,SAMOSA,SCHNITZEL,PURPLE,4,STARTS OF U.S. COINS,DIM,NICK,PEN,QUART
49,2023 Jul 30,YELLOW,1,RELATIVES,AUNT,COUSIN,MOTHER,NEPHEW,GREEN,2,SYNONYMS FOR OFFBEAT,DAFFY,KOOKY,QUIRKY,WACKY,BLUE,3,DISNEY DUCKS,DAISY,DEWEY,DONALD,SCROOGE,PURPLE,4,___ CLOCK,ALARM,BIOLOGICAL,CUCKOO,GRANDFATHER
48,2023 Jul 29,YELLOW,1,FABRICS,CORDUROY,DENIM,LINEN,TWEED,GREEN,2,APPARITIONS,GHOST,PHANTOM,SPECTER,SPIRIT,BLUE,3,SYNONYMS FOR BOTHER,NEEDLE,POKE,RIB,TEASE,PURPLE,4,DISNEY CHARACTERS,BEAST,GENIE,SCAR,STITCH
47,2023 Jul 28,YELLOW,1,BIOMES,DESERT,FOREST,GRASSLAND,TUNDRA,GREEN,2,LIZARDS,CHAMELEON,GECKO,IGUANA,MONITOR,BLUE,3,YOGA POSES,COBRA,LOTUS,TREE,WARRIOR,PURPLE,4,DANCES WHEN DOUBLED,CAN,CHA,GO,NAE
46,2023 Jul 27,YELLOW,1,MOVIE TITLE CITIES,CHICAGO,MUNICH,PHILADELPHIA,RIO,GREEN,2,FASHION MAGAZINES,ALLURE,ELLE,GLAMOUR,W,BLUE,3,STORMS,BLIZZARD,CYCLONE,SQUALL,TORNADO,PURPLE,4,COCKTAILS,COSMOPOLITAN,HURRICANE,MANHATTAN,SCREWDRIVER
45,2023 Jul 26,YELLOW,1,MODES OF TRANSPORTATION,BOAT,CAR,PLANE,TRAIN,GREEN,2,NBA PLAYERS,KING,MAGIC,SUN,THUNDER,BLUE,3,FAST FOOD CHAINS,CHECKERS,OUTBACK,SONIC,SUBWAY,PURPLE,4,BAND NAMES MINUS COLORS,DAY,FLOYD,SABBATH,STRIPES
44,2023 Jul 25,YELLOW,1,STATES OF MATTER,GAS,LIQUID,PLASMA,SOLID,GREEN,2,EDIT MENU COMMANDS,COPY,CUT,PASTE,UNDO,BLUE,3,DEFEAT BADLY,CRUSH,ROUT,SHELLAC,TRASH,PURPLE,4,ANAGRAMS,LEAST,SLATE,STALE,TESLA
43,2023 Jul 24,YELLOW,1,SYNONYMS FOR ANGRY,FURIOUS,INCENSED,IRATE,LIVID,GREEN,2,THINGS THAT ARE YELLOW,BANANA,CANARY,SCHOOL BUS,SUNFLOWER,BLUE,3,MARINE BIRDS,BOOBY,GULL,PELICAN,PUFFIN,PURPLE,4,___ BOYS,BEACH,BEASTIE,HARDY,LOST
42,2023 Jul 23,YELLOW,1,SCUBA GEAR,FINS,MASK,SNORKEL,TANK,GREEN,2,PUNCTUATION MARKS,COLON,COMMA,HYPHEN,PERIOD,BLUE,3,RUN QUICKLY,BOLT,DASH,RACE,SPRINT,PURPLE,4,___ CAT,DOJA,FAT,HOUSE,JUNGLE
41,2023 Jul 22,YELLOW,1,BOTTLED WATER BRANDS,DASANI,EVIAN,FIJI,VOSS,GREEN,2,SLANG FOR COFFEE,BREW,JAVA,JOE,MUD,BLUE,3,ISLAND COUNTRIES,CUBA,JAPAN,MALTA,PALAU,PURPLE,4,CEREAL MASCOTS,LUCKY,POP,SAM,TONY
40,2023 Jul 21,YELLOW,1,WOODWINDS,BASSOON,CLARINET,FLUTE,OBOE,GREEN,2,COVERINGS,CAP,COVER,LID,TOP,BLUE,3,SUNGLASSES,AVIATOR,CAT EYE,WAYFARER,WRAPAROUND,PURPLE,4,SEALS,HARBOR,HARP,HOODED,MONK
39,2023 Jul 20,YELLOW,1,TIMEKEEPING DEVICES,CLOCK,HOURGLASS,SUNDIAL,WATCH,GREEN,2,HAIRSTYLES,BOB,CROP,PIXIE,SHAG,BLUE,3,UNITS OF MEASURE,HERTZ,MOLE,NEWTON,SECOND,PURPLE,4,DR. ___,EVIL,J,NO,PEPPER
38,2023 Jul 19,YELLOW,1,TREES,ASH,CEDAR,MAPLE,PINE,GREEN,2,LAND FORMATIONS,HILL,MOUNTAIN,PLATEAU,VALLEY,BLUE,3,BAGEL FLAVORS,EVERYTHING,ONION,PLAIN,POPPY,PURPLE,4,STREETS ON SCREEN,ELM,FEAR,JUMP,SESAME
37,2023 Jul 18,YELLOW,1,MARINE MAMMALS,DOLPHIN,MANATEE,OTTER,SEAL,GREEN,2,BIKE PARTS,BRAKE,CHAIN,SADDLE,SPOKE,BLUE,3,SYNONYMS FOR SELL,HAWK,MOVE,PEDDLE,VEND,PURPLE,4,COUNTRIES WHEN "A" IS ADDED,CHIN,CUB,MALT,TONG
36,2023 Jul 17,YELLOW,1,MARSUPIALS,KANGAROO,KOALA,WALLABY,WOMBAT,GREEN,2,CHOCOLATE BARS,CHUNKY,CRUNCH,MARS,MOUNDS,BLUE,3,SLANG FOR MONEY,CHEDDAR,DOUGH,PAPER,STACKS,PURPLE,4,NAKED ___,EYE,GUN,MOLE RAT,TRUTH
35,2023 Jul 16,YELLOW,1,U.S. COINS,DIME,NICKEL,PENNY,QUARTER,GREEN,2,METAL ELEMENTS,IRON,LEAD,TIN,ZINC,BLUE,3,LUCKY CHARMS MARSHMALLOWS,CLOVER,HORSESHOE,MOON,RAINBOW,PURPLE,4,___ AND ___,AGAIN,HALF,NECK,SO
34,2023 Jul 15,YELLOW,1,PLEASANT SMELLS,AROMA,BOUQUET,FRAGRANCE,SCENT,GREEN,2,MUSIC GENRES,BLUES,COUNTRY,FUNK,SOUL,BLUE,3,ROCK PAPER SCISSORS,PAPER,ROCK,SCISSORS,SHOOT,PURPLE,4,MALE ANIMALS,BOAR,BUCK,BULL,JACK
33,2023 Jul 14,YELLOW,1,BOATS,FERRY,JUNK,TUG,YACHT,GREEN,2,SANDWICHES,CLUB,CUBAN,MELT,SUB,BLUE,3,CUTS OF BEEF,FLANK,LOIN,ROUND,SHANK,PURPLE,4,NICKNAMES THAT ARE VERBS,CHUCK,JOSH,ROB,SUE
32,2023 Jul 13,YELLOW,1,SHOE PARTS,HEEL,LACE,SOLE,TONGUE,GREEN,2,BOARD GAMES,CLUE,RISK,SORRY,TROUBLE,BLUE,3,FICTIONAL SPIES,BOND,HUNT,RYAN,SMART,PURPLE,4,RUBBER ___,BAND,CEMENT,DUCKIE,SOUL
31,2023 Jul 12,YELLOW,1,VEGETABLES THAT ARE ALSO FRUITS,CUCUMBER,EGGPLANT,PEPPER,TOMATO,GREEN,2,3-D SHAPES,CONE,CUBE,PYRAMID,SPHERE,BLUE,3,WORDS WITH "i",MAC,PAD,PHONE,POD,PURPLE,4,WORDS WITH TWO PRONUNCIATIONS,JOB,LIMA,MOBILE,POLISH
30,2023 Jul 11,YELLOW,1,NFL PLAYERS,BRONCO,COWBOY,PACKER,RAVEN,GREEN,2,PASTA SHAPES,BOWTIE,ELBOW,SHELL,SPIRAL,BLUE,3,JOINTS,HIP,KNEE,SHOULDER,WRIST,PURPLE,4,MOVIES WITH "!",AIRPLANE,MOTHER,OKLAHOMA,THEM
29,2023 Jul 10,YELLOW,1,WINGED INSECTS,FLY,GNAT,MOTH,WASP,GREEN,2,ARITHMETIC OPERATIONS,ADD,DIVIDE,MULTIPLY,SUBTRACT,BLUE,3,FISH,TANG,TETRA,SKATE,SOLE,PURPLE,4,___ CAT,ALLEY,COOL,COPY,LAP
28,2023 Jul 9,YELLOW,1,SEVEN DWARFS,BASHFUL,DOC,GRUMPY,HAPPY,GREEN,2,FILE EXTENSIONS,GIF,PDF,TIFF,ZIP,BLUE,3,FLIGHTLESS BIRDS,EMU,KIWI,OSTRICH,PENGUIN,PURPLE,4,TROPICAL FRUITS,BANANA,COCONUT,MANGO,PINEAPPLE
27,2023 Jul 8,YELLOW,1,HATS,BERET,BOWLER,FEDORA,FEZ,GREEN,2,ORGANS,HEART,KIDNEY,LIVER,LUNG,BLUE,3,PARTS OF A BOOK,COVER,JACKET,PAGE,SPINE,PURPLE,4,JACK ___,ASS,KNIFE,POT,RABBIT
26,2023 Jul 7,YELLOW,1,EUROPEAN COUNTRIES,DENMARK,GREECE,POLAND,PORTUGAL,GREEN,2,SYNONYMS FOR IMITATE,COPY,ECHO,MIMIC,PARROT,BLUE,3,TOMS,CRUISE,HOLLAND,PETTY,WAITS,PURPLE,4,WORDS SPELLED WITH ROMAN NUMERALS,DILL,LIVID,MILD,MIX
25,2023 Jul 6,YELLOW,1,DESSERTS,CHEESECAKE,FLAN,MOUSSE,TIRAMISU,GREEN,2,MILD OATHS,DARN,FUDGE,HECK,SHOOT,BLUE,3,ANIMALS WITH TUSKS,ELEPHANT,HIPPO,NARWHAL,WARTHOG,PURPLE,4,MUSTACHES,HANDLEBAR,HORSESHOE,PENCIL,WALRUS
24,2023 Jul 5,YELLOW,1,CANDY BARS,BOUNTY,CRUNCH,HEATH,MILKY WAY,GREEN,2,VIDEO GAME CONSOLES,DREAMCAST,GENESIS,SWITCH,WII,BLUE,3,EAR PARTS,ANVIL,COCHLEA,HAMMER,STIRRUP,PURPLE,4,BAND NAMES MINUS NUMBERS,BLINK,MAROON,SUM,U
23,2023 Jul 4,YELLOW,1,60's BAND MEMBERS,BEACH BOY,BEATLE,BYRD,MONKEE,GREEN,2,DANCE FADS,DOUGIE,MACARENA,MASHED POTATO,TWIST,BLUE,3,MAGAZINES,FORTUNE,ROLLING STONE,VOGUE,WIRED,PURPLE,4,THINGS WITH LINKS,CHAIN,GOLF COURSE,SAUSAGE,WEBSITE
22,2023 Jul 3,YELLOW,1,DOG BREEDS,BOXER,DALMATIAN,HUSKY,POODLE,GREEN,2,ANIMAL NOSES,BEAK,MUZZLE,SNOUT,TRUNK,BLUE,3,TRAFFIC SIGNS,DETOUR,SLOW,STOP,YIELD,PURPLE,4,SOUND ___,ASLEEP,BARRIER,BITE,WAVE
21,2023 Jul 2,YELLOW,1,MUSIC GENRES,JAZZ,POP,PUNK,RAP,GREEN,2,WEB BROWSERS,CHROME,EDGE,OPERA,SAFARI,BLUE,3,LITTLE WOMEN SISTERS,AMY,BETH,JO,MEG,PURPLE,4,LIL ___ RAPPERS,BABY,JON,KIM,WAYNE
20,2023 Jul 1,YELLOW,1,GRAINS,BARLEY,OAT,RYE,SPELT,GREEN,2,ROYAL TITLES,BARON,EARL,KING,PRINCE,BLUE,3,UNIVERSITIES,BROWN,DUKE,HOWARD,RICE,PURPLE,4,BEST DIRECTOR OSCAR WINNERS,BONG,FORD,LEE,STONE
19,2023 Jun 30,YELLOW,1,OFF-WHITE SHADES,CREAM,EGGSHELL,IVORY,VANILLA,GREEN,2,ANTI-VAMPIRE,CRUCIFIX,GARLIC,MIRROR,STAKE,BLUE,3,KINDS OF MEAT,BEEF,PORK,POULTRY,VENISON,PURPLE,4,SYNONYMS FOR ARGUMENT,ROW,QUARREL,SPAT,TIFF
18,2023 Jun 29,YELLOW,1,MUSCLES- INFORMALLY,LAT,PEC,QUAD,TRI,GREEN,2,AWARDS,CUP,MEDAL,RIBBON,TROPHY,BLUE,3,TITLE TV DOCTORS,GREY,HOUSE,HOWSER,QUINN,PURPLE,4,NFL PLAYERS,BEAR,BILL,BROWN,COMMANDER
17,2023 Jun 28,YELLOW,1,NECKWEAR,ASCOT,BOLO,SCARF,TIE,GREEN,2,SHIP DIRECTIONS,BOW,PORT,STARBOARD,STERN,BLUE,3,DETERGENTS,ALL,ERA,GAIN,TIDE,PURPLE,4,___ TRIANGLE,ACUTE,BERMUDA,LOVE,RIGHT
16,2023 Jun 27,YELLOW,1,COFFEE DRINKS,AMERICANO,CAPPUCCINO,ESPRESSO,LATTE,GREEN,2,TREE NUTS,ALMOND,CASHEW,PECAN,WALNUT,BLUE,3,SHADES OF GREEN,EMERALD,FOREST,KELLY,OLIVE,PURPLE,4,MR. ___,BEAN,CLEAN,FOX,PEANUT
15,2023 Jun 26,YELLOW,1,BIRD SOUNDS,CAW,CHIRP,CLUCK,TWEET,GREEN,2,COLORS,BROWN,PINK,TURQUOISE,VIOLET,BLUE,3,FISHING GEAR,LURE,REEL,ROD,TACKLE,PURPLE,4,FICTIONAL PIRATES,HOOK,JONES,SILVER,SPARROW
14,2023 Jun 25,YELLOW,1,BEDS,BUNK,CANOPY,MURPHY,TRUNDLE,GREEN,2,FAMOUS BROTHERS,JONAS,MARX,WARNER,WRIGHT,BLUE,3,HONDAS,ACCORD,CIVIC,PASSPORT,PILOT,PURPLE,4,VIDEO GAME CHARACTERS,CRASH,LINK,MARIO,SONIC
13,2023 Jun 24,YELLOW,1,AIRLINES,FRONTIER,SPIRIT,UNITED,VIRGIN,GREEN,2,GREEK LETTERS,BETA,CHI,DELTA,IOTA,BLUE,3,SILENT "G",GNAT,GNAW,GNOCCHI,GNOME,PURPLE,4,HOMOPHONES,GNU,KNEW,NEW,NU
12,2023 Jun 23,YELLOW,1,ANIMAL GROUP NAMES,FLOCK,PACK,POD,SCHOOL,GREEN,2,DEADLY SINS,ENVY,GREED,LUST,PRIDE,BLUE,3,SLOW ANIMALS,LORIS,SLOTH,SNAIL,TORTOISE,PURPLE,4,TRIG FUNCTIONS,COT,SEC,SIN,TAN
11,2023 Jun 22,YELLOW,1,SPICES BEGINNING WITH "C",CARDAMOM,CLOVE,CORIANDER,CUMIN,GREEN,2,TERMS OF ENDEARMENT,BOO,HONEY,SUGAR,SWEETIE,BLUE,3,THINGS WITH WINGS,AIRPLANE,ANGEL,BIRD,PEGASUS,PURPLE,4,SPICE GIRLS,BABY,GINGER,POSH,SCARY
10,2023 Jun 21,YELLOW,1,FRUIT,DATE,KIWI,LEMON,ORANGE,GREEN,2,COUNTRIES,CHAD,GEORGIA,JORDAN,TOGO,BLUE,3,BIRDS,CRANE,JAY,SWALLOW,TURKEY,PURPLE,4,ZODIAC SYMBOLS,FISH,GOAT,SCALES,TWINS
9,2023 Jun 20,YELLOW,1,SPORTS,CRICKET,FENCING,POLO,SQUASH,GREEN,2,TOPS,CAMI,HALTER,TANK,TEE,BLUE,3,VEGETABLES,BEET,CARROT,CORN,ONION,PURPLE,4,INSECTS,ANT,BEETLE,MANTIS,TERMITE
8,2023 Jun 19,YELLOW,1,BOARD GAMES,BACKGAMMON,CHECKERS,CHESS,GO,GREEN,2,MATTRESS SIZES,FULL,KING,QUEEN,TWIN,BLUE,3,THINGS THAT ARE RED,CHERRY,FIRE TRUCK,RUBY,STOP SIGN,PURPLE,4,THINGS WITH KEYS,CRYPTOGRAPHY,FLORIDA,LOCKSMITH,PIANO
7,2023 Jun 18,YELLOW,1,LEG PARTS,ANKLE,KNEE,SHIN,THIGH,GREEN,2,BABY ANIMALS,CALF,CUB,JOEY,KID,BLUE,3,SLANG FOR TOILET,CAN,HEAD,JOHN,THRONE,PURPLE,4,___ FISH THAT AREN'T FISH,CRAY,JELLY,SILVER,STAR
6,2023 Jun 17,YELLOW,1,MONOPOLY SQUARES,BOARDWALK,CHANCE,GO,JAIL,GREEN,2,SHADES OF BLUE,BABY,MIDNIGHT,POWDER,ROYAL,BLUE,3,RAPPERS,COMMON,FUTURE,ICE CUBE,Q-TIP,PURPLE,4,MEMBERS OF A SEPTET,SEA,SIN,SISTER,WONDER
5,2023 Jun 16,YELLOW,1,STREAMING SERVICES,HULU,NETFLIX,PEACOCK,PRIME,GREEN,2,CONDIMENTS,KETCHUP,MAYO,RELISH,TARTAR,BLUE,3,SYNONYMS FOR SAD,BLUE,DOWN,GLUM,LOW,PURPLE,4,CLUE CHARACTERS,GREEN,MUSTARD,PLUM,SCARLET
4,2023 Jun 15,YELLOW,1,SNEAKER BRANDS,ADIDAS,NIKE,PUMA,REEBOK,GREEN,2,MUSICALS BEGINNING WITH "C",CABARET,CAROUSEL,CATS,CHICAGO,BLUE,3,CLEANING VERBS,DUST,MOP,SWEEP,VACUUM,PURPLE,4,___ MAN SUPERHEROES,BAT,IRON,SPIDER,SUPER
3,2023 Jun 14,YELLOW,1,FACIAL FEATURES,CHEEK,EYE,MOUTH,NOSE,GREEN,2,SYNONYMS FOR EAT,CHOW,GOBBLE,SCARF,WOLF,BLUE,3,DOG BREEDS- INFORMALLY,LAB,PEKE,PIT,POM,PURPLE,4,MEMBERS OF A TRIO,AMIGO,KING,STOOGE,TENOR
2,2023 Jun 13,YELLOW,1,FOOTWEAR,BOOT,LOAFER,PUMP,SNEAKER,GREEN,2,UNITS OF LENGTH,FOOT,LEAGUE,MILE,YARD,BLUE,3,MAGAZINES,ESSENCE,PEOPLE,TIME,US,PURPLE,4,LETTER HOMOPHONES,ARE,QUEUE,SEA,WHY
1,2023 Jun 12,YELLOW,1,WET WEATHER,HAIL,RAIN,SLEET,SNOW,GREEN,2,NBA TEAMS,BUCKS,HEAT,JAZZ,NETS,BLUE,3,KEYBOARD KEYS,OPTION,RETURN,SHIFT,TAB,PURPLE,4,PALINDROMES,KAYAK,LEVEL,MOM,RACE CAR
